Cod Prodotto;Des Prodotto;Cod Uso Varieta;Des Uso Varieta;CODI_OCCU;CODI_DEST_USO;CODI_USO;CODI_QUAL;DESC_OCCU;DEST_USO;DESC_USO;DESC_QUAL
001;GRANTURCO (MAIS) DA GRANELLA;000;VARIETA' GENERICA;001;011;000;000;GRANTURCO (MAIS);FAVE, SEMI, GRANELLA;;
001;GRANTURCO (MAIS);064;FAVE, SEMI, GRANELLA - PASTONE;001;011;000;064;GRANTURCO (MAIS);FAVE, SEMI, GRANELLA;;PASTONE
001;GRANTURCO (MAIS);066;FAVE, SEMI, GRANELLA - DA POLENTA;001;011;000;066;GRANTURCO (MAIS);FAVE, SEMI, GRANELLA;;DA POLENTA
001;GRANTURCO (MAIS) DA GRANELLA;500;USO ENERGETICO;001;011;000;022;GRANTURCO (MAIS);FAVE, SEMI, GRANELLA;;ENERGETICO
002;GRANO (FRUMENTO) DURO;000;VARIETA' GENERICA;002;011;000;000;GRANO (FRUMENTO) DURO;FAVE, SEMI, GRANELLA;;
002;GRANO (FRUMENTO) DURO;500;USO ENERGETICO;002;011;000;022;GRANO (FRUMENTO) DURO;FAVE, SEMI, GRANELLA;;ENERGETICO
004;SOIA - FAVE;000;VARIETA' GENERICA;004;011;000;000;SOIA;FAVE, SEMI, GRANELLA;;
004;SOIA - FAVE;500;USO ENERGETICO;004;011;000;022;SOIA;FAVE, SEMI, GRANELLA;;ENERGETICO
005;GIRASOLE - SEMI;000;VARIETA' GENERICA;005;011;000;000;GIRASOLE;FAVE, SEMI, GRANELLA;;
005;GIRASOLE;002;DA FORAGGIO - ENERGETICO;005;002;000;022;GIRASOLE;DA FORAGGIO;;ENERGETICO
005;GIRASOLE - SEMI;500;USO ENERGETICO;005;011;000;022;GIRASOLE;FAVE, SEMI, GRANELLA;;ENERGETICO
005;GIRASOLE;D01;DA TAVOLA;005;011;000;050;GIRASOLE;FAVE, SEMI, GRANELLA;;DA TAVOLA
007;ARALIA;001;;007;000;000;000;ARALIA;;;
007;ARALIA;008;FOGLIE;007;010;024;000;ARALIA;DA VIVAIO;FOGLIE;
008;ASPIDISTRA;001;;008;000;000;000;ASPIDISTRA;;;
008;ASPIDISTRA;008;FOGLIE;008;010;024;000;ASPIDISTRA;DA VIVAIO;FOGLIE;
009;FARRO;000;VARIETA' GENERICA;009;011;000;000;FARRO;FAVE, SEMI, GRANELLA;;
009;FARRO;500;USO ENERGETICO;009;011;000;022;FARRO;FAVE, SEMI, GRANELLA;;ENERGETICO
010;FETTUCCIA D'ACQUA (PHALARIS ARUNDICEA);000;;010;000;000;000;FETTUCCIA D'ACQUA;;;
010;FETTUCCIA D'ACQUA (PHALARIS ARUNDICEA);500;USO ENERGETICO;010;000;000;022;FETTUCCIA D'ACQUA;;;ENERGETICO
011;STEVIA REBAUDIANA;000;;011;000;000;000;STEVIA REBAUDIANA;;;
013;CALLA;001;;013;000;000;000;CALLA;;;
016;LENTICCHIE;000;VARIETA' GENERICA;016;011;000;000;LENTICCHIE;FAVE, SEMI, GRANELLA;;
017;GERBERA;001;;017;000;000;000;GERBERA;;;
018;ORCHIDEA;001;;018;000;000;000;ORCHIDEA;;;
019;RISONE;099;ALTRO;019;011;037;000;RISONE;FAVE, SEMI, GRANELLA;SPERIMENTALE;
020;PISELLI ALLO STATO SECCO;000;VARIETA' GENERICA;020;011;000;000;PISELLO;FAVE, SEMI, GRANELLA;;
020;PISELLO;067;FAVE, SEMI, GRANELLA - PROTEICO;020;011;000;067;PISELLO;FAVE, SEMI, GRANELLA;;PROTEICO
023;ORTENSIA;000;;023;010;000;000;ORTENSIA;DA VIVAIO;;
023;ORTENSIA;001;;023;000;000;000;ORTENSIA;;;
023;ORTENSIA;004;FIORE RECISO;023;010;023;000;ORTENSIA;DA VIVAIO;FIORE RECISO;
024;BIETOLA (Compresa  la CHELTENHAM BEET, BARBABIETOLA ROSSA/BIETOLA DA COSTA) DA FORAGGIO;000;;024;002;000;000;BIETOLA (Compresa  la CHELTENHAM BEET, BARBABIETOLA ROSSA/BIETOLA DA COSTA);DA FORAGGIO;;
025;TABACCO;000;VARIETA' GENERICA;025;003;000;000;TABACCO;DA INDUSTRIA;;
027;CAROTA - DA FORAGGIO;000;;027;002;000;000;CAROTA;DA FORAGGIO;;
028;CAVOLO - DA FORAGGIO;000;;028;002;000;000;CAVOLO;DA FORAGGIO;;
029;CICERCHIA;000;VARIETA' GENERICA;029;011;000;000;CICERCHIA;FAVE, SEMI, GRANELLA;;
030;CICERCHIA - DA FORAGGIO;053;ERBAIO IN PUREZZA, ANNUALE - NON PERMANENTE;029;002;053;043;CICERCHIA;DA FORAGGIO;ERBAIO IN PUREZZA, ANNUALE - NON PERMANENTE;DI LEGUMINOSE
031;PEONIA;000;;031;010;000;000;PEONIA;DA VIVAIO;;
031;PEONIA;001;;031;000;000;000;PEONIA;;;
031;PEONIA;004;FIORE RECISO;031;010;023;000;PEONIA;DA VIVAIO;FIORE RECISO;
033;PHILODENDRO;000;;033;010;000;000;PHILODENDRO;DA VIVAIO;;
033;PHILODENDRO;001;;033;000;000;000;PHILODENDRO;;;
033;PHILODENDRO;008;FOGLIE;033;010;024;000;PHILODENDRO;DA VIVAIO;FOGLIE;
034;PIANTE GRASSE;000;;034;010;000;000;PIANTE GRASSE;DA VIVAIO;;
035;ROSA;000;;035;010;000;000;ROSA;DA VIVAIO;;
035;ROSA;001;;035;000;000;000;ROSA;;;
035;ROSA;003;FRONDE DA BACCHE;035;010;025;000;ROSA;DA VIVAIO;FRONDE DA BACCHE;
035;ROSA;004;FIORE RECISO;035;010;023;000;ROSA;DA VIVAIO;FIORE RECISO;
036;STRELITZIA;000;;036;010;000;000;STRELITZIA;DA VIVAIO;;
036;STRELITZIA;001;;036;000;000;000;STRELITZIA;;;
036;STRELITZIA;004;FIORE RECISO;036;010;023;000;STRELITZIA;DA VIVAIO;FIORE RECISO;
037;GLADIOLO;000;;037;010;000;000;GLADIOLO;DA VIVAIO;;
037;GLADIOLO;001;;037;000;000;000;GLADIOLO;;;
037;GLADIOLO;004;FIORE RECISO;037;010;023;000;GLADIOLO;DA VIVAIO;FIORE RECISO;
039;GINESTRA;000;;039;010;000;000;GINESTRA;DA VIVAIO;;
039;GINESTRA;002;FRONDE FIORITE;039;010;026;000;GINESTRA;DA VIVAIO;FRONDE FIORITE;
040;MIMOSA;000;;040;010;000;000;MIMOSA;DA VIVAIO;;
040;MIMOSA;002;FRONDE FIORITE;040;010;026;000;MIMOSA;DA VIVAIO;FRONDE FIORITE;
042;PITTOSPORO;000;;042;010;000;000;PITTOSPORO;DA VIVAIO;;
042;PITTOSPORO;001;FRONDE VERDI;042;010;027;000;PITTOSPORO;DA VIVAIO;FRONDE VERDI;
043;RUSCUS;000;VARIETA' GENERICA;043;010;000;000;RUSCUS;DA VIVAIO;;
043;RUSCUS;001;FRONDE VERDI;043;010;027;000;RUSCUS;DA VIVAIO;FRONDE VERDI;
043;RUSCUS;002;;043;000;000;000;RUSCUS;;;
044;MELO;000;;044;000;000;000;MELO;;;
044;MELO;058;USO FORESTALE;044;000;058;000;MELO;;FORESTALE;
044;MELO;059;IN FASE DI PIANTUMAZIONE;044;000;059;000;MELO;;IN FASE DI PIANTUMAZIONE;
045;SPELTA - DA FORAGGIO;053;ERBAIO IN PUREZZA, ANNUALE - NON PERMANENTE;045;002;053;045;SPELTA;DA FORAGGIO;ERBAIO IN PUREZZA, ANNUALE - NON PERMANENTE;DI GRAMINACEE
046;LOIETTO LOGLIO DA FORAGGIO;053;ERBAIO IN PUREZZA, ANNUALE - NON PERMANENTE;046;002;053;045;LOIETTO LOGLIO;DA FORAGGIO;ERBAIO IN PUREZZA, ANNUALE - NON PERMANENTE;DI GRAMINACEE
046;LOIETTO LOGLIO DA FORAGGIO;054;PRATO PASCOLO IN PUREZZA AVVICENDATO  - NON PERMANENTE;046;002;054;045;LOIETTO LOGLIO;DA FORAGGIO;PRATO PASCOLO IN PUREZZA AVVICENDATO  - NON PERMANENTE;DI GRAMINACEE
046;LOIETTO LOGLIO DA FORAGGIO;055;PRATO PASCOLO IN PUREZZA  NON AVVICENDATO PER ALMENO 5 ANNI - PERMANENTE;046;002;055;045;LOIETTO LOGLIO;DA FORAGGIO;PRATO PASCOLO IN PUREZZA  NON AVVICENDATO PER ALMENO 5 ANNI - PERMANENTE;DI GRAMINACEE
048;VIBURNO;000;;048;010;000;000;VIBURNO;DA VIVAIO;;
048;VIBURNO;002;FRONDE FIORITE;048;010;026;000;VIBURNO;DA VIVAIO;FRONDE FIORITE;
050;ANEMONE;000;;050;010;000;000;ANEMONE;DA VIVAIO;;
050;ANEMONE;001;;050;000;000;000;ANEMONE;;;
050;ANEMONE;004;FIORE RECISO;050;010;023;000;ANEMONE;DA VIVAIO;FIORE RECISO;
051;LUPOLINA - DA FORAGGIO;054;PRATO PASCOLO IN PUREZZA AVVICENDATO  - NON PERMANENTE;051;002;054;043;LUPOLINA;DA FORAGGIO;PRATO PASCOLO IN PUREZZA AVVICENDATO  - NON PERMANENTE;DI LEGUMINOSE
051;LUPOLINA - DA FORAGGIO;055;PRATO PASCOLO IN PUREZZA  NON AVVICENDATO PER ALMENO 5 ANNI - PERMANENTE;051;002;055;043;LUPOLINA;DA FORAGGIO;PRATO PASCOLO IN PUREZZA  NON AVVICENDATO PER ALMENO 5 ANNI - PERMANENTE;DI LEGUMINOSE
052;BOCCA DI LEONE;000;;052;010;000;000;BOCCA DI LEONE;DA VIVAIO;;
052;BOCCA DI LEONE;002;;052;000;000;000;BOCCA DI LEONE;;;
052;BOCCA DI LEONE;004;FIORE RECISO;052;010;023;000;BOCCA DI LEONE;DA VIVAIO;FIORE RECISO;
053;PANICO - DA FORAGGIO;053;ERBAIO IN PUREZZA, ANNUALE - NON PERMANENTE;053;002;053;045;PANICO;DA FORAGGIO;ERBAIO IN PUREZZA, ANNUALE - NON PERMANENTE;DI GRAMINACEE
054;PASCOLO ARBORATO - TARA 50%;009;PASCOLO MAGRO NON AVVICENDATO PER ALMENO 5 ANNI - PERMANENTE;054;002;009;000;PASCOLO ARBORATO - TARA 50%;DA FORAGGIO;PASCOLO MAGRO NON AVVICENDATO PER ALMENO 5 ANNI - PERMANENTE;
055;LINO DA FIBRA;000;VARIETA' GENERICA;055;001;000;000;LINO;DA FIBRA;;
056;CANAPA GREGGIA O MACERATA;000;VARIETA' GENERICA;056;001;000;000;CANAPA;DA FIBRA;;
063;PASCOLO POLIFITA (TIPO ALPEGGI) CON ROCCIA AFFIORANTE TARA 20%;009;PASCOLO MAGRO NON AVVICENDATO PER ALMENO 5 ANNI - PERMANENTE;063;002;009;000;PASCOLO POLIFITA CON ROCCIA AFFIORANTE TARA 20%;DA FORAGGIO;PASCOLO MAGRO NON AVVICENDATO PER ALMENO 5 ANNI - PERMANENTE;
064;PASCOLO POLIFITA (TIPO ALPEGGI) CON ROCCIA AFFIORANTE TARA 50%;009;PASCOLO MAGRO NON AVVICENDATO PER ALMENO 5 ANNI - PERMANENTE;064;002;009;000;PASCOLO POLIFITA CON ROCCIA AFFIORANTE TARA 50%;DA FORAGGIO;PASCOLO MAGRO NON AVVICENDATO PER ALMENO 5 ANNI - PERMANENTE;
065;PASCOLO POLIFITA (TIPO ALPEGGI);009;PASCOLO MAGRO NON AVVICENDATO PER ALMENO 5 ANNI - PERMANENTE;065;002;009;000;PASCOLO POLIFITA;DA FORAGGIO;PASCOLO MAGRO NON AVVICENDATO PER ALMENO 5 ANNI - PERMANENTE;
066;CALENDULA;000;;066;010;000;000;CALENDULA;DA VIVAIO;;
066;CALENDULA;001;;066;000;000;000;CALENDULA;;;
066;CALENDULA;004;FIORE RECISO;066;010;023;000;CALENDULA;DA VIVAIO;FIORE RECISO;
069;PIOPPO;049;MICORRIZATO;069;000;000;049;PIOPPO;;;MICORRIZATO
069;PIOPPO;058;USO FORESTALE;069;000;058;000;PIOPPO;;FORESTALE;
069;PIOPPO;193;PIOPPO A DIMORA CICOLO BREVE (5 ANNI);069;000;000;193;PIOPPO;;;PIOPPO A DIMORA CICOLO BREVE (5 ANNI)
069;PIOPPO;500;ENERGETICO;069;000;000;022;PIOPPO;;;ENERGETICO
070;PATATA, DESTINATA ALLA FABBRICAZIONE DELLA FECOLA;000;;710;003;000;000;PATATA;DA INDUSTRIA;;
071;NOCCIOLE;000;VARIETA' GENERICA;494;005;000;000;NOCCIOLO;DA MENSA;;
071;NOCCIOLE DA MENSA;049;MICORRIZATO;494;005;000;049;NOCCIOLO;DA MENSA;;MICORRIZATO
072;MANDORLE;000;VARIETA' GENERICA;493;000;000;000;MANDORLO;;;
073;NOCI COMUNI;000;VARIETA' GENERICA;495;005;000;000;NOCE;DA MENSA;;
074;PISTACCHI;000;VARIETA' GENERICA;497;000;000;000;PISTACCHIO;;;
075;CARRUBE;000;VARIETA' GENERICA;491;000;000;000;CARRUBO;;;
076;LUPPOLO;000;VARIETA' GENERICA;076;000;000;000;LUPPOLO;;;
078;SERRADELLA;053;ERBAIO IN PUREZZA, ANNUALE - NON PERMANENTE;078;002;053;043;SERRADELLA;DA FORAGGIO;ERBAIO IN PUREZZA, ANNUALE - NON PERMANENTE;DI LEGUMINOSE
079;VECCE - DA FORAGGIO;053;ERBAIO IN PUREZZA, ANNUALE - NON PERMANENTE;079;002;053;043;VECCE;DA FORAGGIO;ERBAIO IN PUREZZA, ANNUALE - NON PERMANENTE;DI LEGUMINOSE
079;VECCE - DA FORAGGIO;054;PRATO PASCOLO IN PUREZZA AVVICENDATO  - NON PERMANENTE;079;002;054;043;VECCE;DA FORAGGIO;PRATO PASCOLO IN PUREZZA AVVICENDATO  - NON PERMANENTE;DI LEGUMINOSE
079;VECCE - DA FORAGGIO;055;PRATO PASCOLO IN PUREZZA  NON AVVICENDATO PER ALMENO 5 ANNI - PERMANENTE;079;002;055;043;VECCE;DA FORAGGIO;PRATO PASCOLO IN PUREZZA  NON AVVICENDATO PER ALMENO 5 ANNI - PERMANENTE;DI LEGUMINOSE
080;CRISANTEMO;001;;080;000;000;000;CRISANTEMO;;;
080;CRISANTEMO;062;DA VIVAIO - COLTURA IN VASO FIORE SINGOLO;080;010;062;000;CRISANTEMO;DA VIVAIO;COLTURA IN VASO FIORE SINGOLO;
081;GAROFANO;000;;081;010;000;000;GAROFANO;DA VIVAIO;;
081;GAROFANO;001;;081;000;000;000;GAROFANO;;;
081;GAROFANO;004;FIORE RECISO;081;010;023;000;GAROFANO;DA VIVAIO;FIORE RECISO;
083;TOPINAMBUR;000;VARIETA' GENERICA;083;000;000;000;TOPINAMBUR;;;
083;TOPINAMBUR;500;USO ENERGETICO;083;000;000;022;TOPINAMBUR;;;ENERGETICO
087;VIGNETO SPERIMENTALE PER UVA DA VINO;000;VARIETA' GENERICA;410;009;037;000;VITE;DA VINO;SPERIMENTALE;
088;VIGNA CINESE;053;ERBAIO IN PUREZZA, ANNUALE - NON PERMANENTE;088;002;053;043;VIGNA CINESE;DA FORAGGIO;ERBAIO IN PUREZZA, ANNUALE - NON PERMANENTE;DI LEGUMINOSE
089;PATATA AMERICANA (BATATA);000;;089;007;000;000;PATATA AMERICANA (BATATA);DA ORTO;;
091;NAVONI RUTABAGA - DA FORAGGIO;000;;091;002;000;000;NAVONI RUTABAGA;DA FORAGGIO;;
092;LILIUM;000;;092;010;000;000;LILIUM;DA VIVAIO;;
092;LILIUM;001;;092;000;000;000;LILIUM;;;
092;LILIUM;004;FIORE RECISO;092;010;023;000;LILIUM;DA VIVAIO;FIORE RECISO;
093;TRITICALE - DA FORAGGIO;053;ERBAIO IN PUREZZA, ANNUALE - NON PERMANENTE;093;002;053;045;TRITICALE;DA FORAGGIO;ERBAIO IN PUREZZA, ANNUALE - NON PERMANENTE;DI GRAMINACEE
093;TRITICALE - DA FORAGGIO;500;USO ENERGETICO;093;002;000;022;TRITICALE;DA FORAGGIO;;ENERGETICO
094;RISONE TONDO;000;;019;011;000;003;RISONE;FAVE, SEMI, GRANELLA;;TONDO
094;RISONE;067;FAVE, SEMI, GRANELLA - IBRIDO - TONDO;019;011;067;003;RISONE;FAVE, SEMI, GRANELLA;IBRIDO;TONDO
094;RISONE;068;FAVE, SEMI, GRANELLA - VARIETA' HP - TONDO;019;011;068;003;RISONE;FAVE, SEMI, GRANELLA;VARIETA' HP;TONDO
094;RISONE;069;FAVE, SEMI, GRANELLA - VARIETA' PROVISIA® - TONDO;019;011;069;003;RISONE;FAVE, SEMI, GRANELLA;VARIETA' PROVISIA«;TONDO
095;RISONE MEDIO;000;;019;011;000;007;RISONE;FAVE, SEMI, GRANELLA;;MEDIO
095;RISONE;067;FAVE, SEMI, GRANELLA - IBRIDO - MEDIO;019;011;067;007;RISONE;FAVE, SEMI, GRANELLA;IBRIDO;MEDIO
095;RISONE;068;FAVE, SEMI, GRANELLA - VARIETA' HP - MEDIO;019;011;068;007;RISONE;FAVE, SEMI, GRANELLA;VARIETA' HP;MEDIO
095;RISONE;069;FAVE, SEMI, GRANELLA - VARIETA' PROVISIA® - MEDIO;019;011;069;007;RISONE;FAVE, SEMI, GRANELLA;VARIETA' PROVISIA«;MEDIO
095;RISONE MEDIO;911;PIGMENTATO CON DIRITTI RISERVATI;019;011;911;007;RISONE;FAVE, SEMI, GRANELLA;PIGMENTATO;MEDIO
097;RISONE LUNGO A;000;;019;011;000;005;RISONE;FAVE, SEMI, GRANELLA;;LUNGO A
097;RISONE;067;FAVE, SEMI, GRANELLA - IBRIDO - LUNGO A;019;011;067;005;RISONE;FAVE, SEMI, GRANELLA;IBRIDO;LUNGO A
097;RISONE;068;FAVE, SEMI, GRANELLA - VARIETA' HP - LUNGO A;019;011;068;005;RISONE;FAVE, SEMI, GRANELLA;VARIETA' HP;LUNGO A
097;RISONE;069;FAVE, SEMI, GRANELLA - VARIETA' PROVISIA® - LUNGO A;019;011;069;005;RISONE;FAVE, SEMI, GRANELLA;VARIETA' PROVISIA«;LUNGO A
097;RISONE LUNGO A;911;PIGMENTATO CON DIRITTI RISERVATI;019;011;911;005;RISONE;FAVE, SEMI, GRANELLA;PIGMENTATO;LUNGO A
098;RISONE LUNGO B;000;;019;011;000;006;RISONE;FAVE, SEMI, GRANELLA;;LUNGO B
098;RISONE;067;FAVE, SEMI, GRANELLA - IBRIDO - LUNGO B;019;011;067;006;RISONE;FAVE, SEMI, GRANELLA;IBRIDO;LUNGO B
098;RISONE;068;FAVE, SEMI, GRANELLA - VARIETA' HP - LUNGO B;019;011;068;006;RISONE;FAVE, SEMI, GRANELLA;VARIETA' HP;LUNGO B
098;RISONE;069;FAVE, SEMI, GRANELLA - VARIETA' PROVISIA® - LUNGO B;019;011;069;006;RISONE;FAVE, SEMI, GRANELLA;VARIETA' PROVISIA«;LUNGO B
098;RISONE LUNGO B;911;PIGMENTATO CON DIRITTI RISERVATI;019;011;911;006;RISONE;FAVE, SEMI, GRANELLA;PIGMENTATO;LUNGO B
099;MARGHERITA;000;;099;010;000;000;MARGHERITA;DA VIVAIO;;
099;MARGHERITA;001;;099;000;000;000;MARGHERITA;;;
099;MARGHERITA;004;FIORE RECISO;099;010;023;000;MARGHERITA;DA VIVAIO;FIORE RECISO;
100;OLIVO;000;VARIETA' GENERICA;420;000;000;000;OLIVO;;;
100;OLIVO;059;IN FASE DI PIANTUMAZIONE;420;000;059;000;OLIVO;;IN FASE DI PIANTUMAZIONE;
101;PAPAVERO;000;;101;010;000;000;PAPAVERO;DA VIVAIO;;
101;PAPAVERO;001;;101;000;000;000;PAPAVERO;;;
101;PAPAVERO;004;FIORE RECISO;101;010;023;000;PAPAVERO;DA VIVAIO;FIORE RECISO;
102;OLIVE DA TAVOLA;000;;420;005;000;000;OLIVO;DA MENSA;;
103;PASCOLO ARBORATO - CESPUGLIATO TARA 20%;009;PASCOLO MAGRO NON AVVICENDATO PER ALMENO 5 ANNI - PERMANENTE;103;002;009;000;PASCOLO ARBORATO - CESPUGLIATO TARA 20%;DA FORAGGIO;PASCOLO MAGRO NON AVVICENDATO PER ALMENO 5 ANNI - PERMANENTE;
104;RISONE LUNGO A PER LA PRODUZIONE DI SEME (ORYZA SATIVA L.);000;;019;008;000;005;RISONE;DA SEME;;LUNGO A
104;RISONE;067;DA SEME - IBRIDO - TONDO;019;008;067;003;RISONE;DA SEME;IBRIDO;TONDO
104;RISONE;068;DA SEME - IBRIDO - LUNGO A;019;008;067;005;RISONE;DA SEME;IBRIDO;LUNGO A
104;RISONE;069;DA SEME - IBRIDO - MEDIO;019;008;067;007;RISONE;DA SEME;IBRIDO;MEDIO
104;RISONE;070;DA SEME - VARIETA' HP - TONDO;019;008;068;003;RISONE;DA SEME;VARIETA' HP;TONDO
104;RISONE;071;DA SEME - VARIETA' HP - LUNGO A;019;008;068;005;RISONE;DA SEME;VARIETA' HP;LUNGO A
104;RISONE;072;DA SEME - VARIETA' HP - MEDIO;019;008;068;007;RISONE;DA SEME;VARIETA' HP;MEDIO
104;RISONE;073;DA SEME - VARIETA' PROVISIA® - TONDO;019;008;069;003;RISONE;DA SEME;VARIETA' PROVISIA«;TONDO
104;RISONE;074;DA SEME - VARIETA' PROVISIA® - LUNGO A;019;008;069;005;RISONE;DA SEME;VARIETA' PROVISIA«;LUNGO A
104;RISONE;075;DA SEME - VARIETA' PROVISIA® - MEDIO;019;008;069;007;RISONE;DA SEME;VARIETA' PROVISIA«;MEDIO
104;RISONE TONDO, MEDIO, LUNGO A PER LA PRODUZIONE DI SEME (ORYZA SATIVA L.);911;PIGMENTATO CON DIRITTI RISERVATI;019;008;911;005;RISONE;DA SEME;PIGMENTATO;LUNGO A
104;RISONE TONDO, MEDIO, LUNGO A PER LA PRODUZIONE DI SEME (ORYZA SATIVA L.);912;PIGMENTATO CON DIRITTI RISERVATI;019;008;911;007;RISONE;DA SEME;PIGMENTATO;MEDIO
105;RISONE LUNGO B PER LA PRODUZIONE DI SEME (ORYZA SATIVA L.);000;;019;008;000;006;RISONE;DA SEME;;LUNGO B
105;RISONE;067;DA SEME - IBRIDO - LUNGO B;019;008;067;006;RISONE;DA SEME;IBRIDO;LUNGO B
105;RISONE;068;DA SEME - VARIETA' HP - LUNGO B;019;008;068;006;RISONE;DA SEME;VARIETA' HP;LUNGO B
105;RISONE;069;DA SEME - VARIETA' PROVISIA® - LUNGO B;019;008;069;006;RISONE;DA SEME;VARIETA' PROVISIA«;LUNGO B
105;RISONE LUNGO B PER LA PRODUZIONE DI SEME (ORYZA SATIVA L.);911;PIGMENTATO CON DIRITTI RISERVATI;019;008;911;006;RISONE;DA SEME;PIGMENTATO;LUNGO B
106;RISONE TONDO PER LA PRODUZIONE DI SEME (ORYZA SATIVA L.);000;;019;008;000;003;RISONE;DA SEME;;TONDO
107;RISONE MEDIO PER LA PRODUZIONE DI SEME (ORYZA SATIVA L.);000;;019;008;000;007;RISONE;DA SEME;;MEDIO
108;GRANTURCO (MAIS) - INSILATO;000;VARIETA' GENERICA;001;002;010;000;GRANTURCO (MAIS);DA FORAGGIO;INSILATO;
108;GRANTURCO (MAIS) - INSILATO;500;USO ENERGETICO;001;002;010;022;GRANTURCO (MAIS);DA FORAGGIO;INSILATO;ENERGETICO
109;PANICO;000;;053;011;000;000;PANICO;FAVE, SEMI, GRANELLA;;
109;PANICO;500;USO ENERGETICO;053;000;000;022;PANICO;;;ENERGETICO
110;BOSCO;000;;650;000;000;000;BOSCO;;;
110;BOSCO;001;BOSCO MISTO;650;000;000;012;BOSCO;;;BOSCO MISTO
110;BOSCO;002;FUSTAIA DI CONIFERE;650;000;020;026;BOSCO;;FUSTAIA;DI CONIFERE
110;BOSCO;003;FUSTAIA DI LATIFOGLIE;650;000;020;027;BOSCO;;FUSTAIA;DI LATIFOGLIE
110;BOSCO;004;FUSTAIA MISTA DI CONIFERE E LATIFOGLIE;650;000;020;028;BOSCO;;FUSTAIA;MISTA DI CONIFERE E LATIFOGLIE
110;BOSCO;005;CEDUO SEMPLICE;650;000;021;016;BOSCO;;CEDUO;SEMPLICE
110;BOSCO;006;CEDUO COMPOSTO;650;000;021;017;BOSCO;;CEDUO;COMPOSTO
110;BOSCO;007;ARBUSTETO;650;000;000;010;BOSCO;;;ARBUSTETO
110;BOSCO;008;DIVERSO DA BOSCO SPONTANEO E/O PREESISTENTE;650;000;000;011;BOSCO;;;DIVERSO DA BOSCO SPONTANEO E/O PREESISTENTE
111;OLIVE DA OLIO;000;VARIETA' GENERICA;420;006;000;000;OLIVO;DA OLIO;;
112;CANNA CINESE (MISCANTHUS SINENSIS);000;;112;000;000;000;CANNA CINESE (MISCANTHUS SINENSIS);;;
112;CANNA CINESE (MISCANTHUS SINENSIS);500;USO ENERGETICO;112;000;000;022;CANNA CINESE (MISCANTHUS SINENSIS);;;ENERGETICO
113;AGLIO PER LA PRODUZIONE DI SEME;000;;113;008;000;000;AGLIO;DA SEME;;
114;AGRETTO;000;;114;007;000;000;AGRETTO;DA ORTO;;
115;BARBABIETOLA DA ORTO;000;VARIETA' GENERICA;240;007;000;000;BARBABIETOLA - RAPA ROSSA/BIETOLA DA COSTA;DA ORTO;;
116;BASILICO PER LA PRODUZIONE DI SEME;000;;903;008;000;000;BASILICO;DA SEME;;
117;BROCCOLETTO DI RAPA;000;VARIETA' GENERICA;117;007;000;000;BROCCOLETTO O CIME DI RAPA;DA ORTO;;
118;CAVOLFIORE;000;VARIETA' GENERICA;118;007;000;000;CAVOLFIORE;DA ORTO;;
119;CAVOLFIORE PER LA PRODUZIONE DI SEME;000;;118;008;000;000;CAVOLFIORE;DA SEME;;
120;POINSETTIA (STELLA DI NATALE);000;;120;010;000;000;POINSETTIA (STELLA DI NATALE);DA VIVAIO;;
120;POINSETTIA (STELLA DI NATALE);004;FIORE RECISO;120;010;023;000;POINSETTIA (STELLA DI NATALE);DA VIVAIO;FIORE RECISO;
121;FAGIOLINO PER LA PRODUZIONE DI SEME;000;;121;008;000;000;FAGIOLINO;DA SEME;;
122;FAGIOLO;000;;122;007;000;000;FAGIOLO;DA ORTO;;
122;FAGIOLO DA ORTO;910;FRESCO;122;007;910;000;FAGIOLO;DA ORTO;FRESCO;
123;FAGIOLO PER LA PRODUZIONE DI SEME;000;;122;008;000;000;FAGIOLO;DA SEME;;
126;FINOCCHIO PER LA PRODUZIONE DI SEME;000;;926;008;000;000;FINOCCHIO;DA SEME;;
127;LATTUGA;000;VARIETA' GENERICA;127;007;000;000;LATTUGA LATTUGHINO;DA ORTO;;
128;LATTUGA LATTUGHINO PER LA PRODUZIONE DI SEME;000;;127;008;000;000;LATTUGA LATTUGHINO;DA SEME;;
129;MELANZANA PER LA PRODUZIONE DI SEME;000;;129;008;000;000;MELANZANA;DA SEME;;
130;MELONE PER LA PRODUZIONE DI SEME;000;;130;008;000;000;MELONE;DA SEME;;
131;ORTIVE A PIENO CAMPO (su terreni produttivi con o senza copertura);000;VARIETA' GENERICA;131;007;000;000;ORTIVE A PIENO CAMPO;DA ORTO;;
131;PIANTE ORTICOLE PROTETTE IN SERRE O TUNNEL FREDDI;P01;;131;007;000;P04;ORTIVE A PIENO CAMPO;DA ORTO;;PROTETTE IN SERRE O TUNNEL FREDDI
131;PIANTE ORTICOLE PROTETTE IN SERRE O TUNNEL CALDI;P02;;131;007;000;P05;ORTIVE A PIENO CAMPO;DA ORTO;;PROTETTE IN SERRE O TUNNEL CALDI
131;PIANTE AROMATICHE MEDICINALI E SPEZIE;P03;;131;007;000;P06;ORTIVE A PIENO CAMPO;DA ORTO;;AROMATICHE MEDICINALI E SPEZIE
132;PATATA DA SEME;000;;710;008;000;000;PATATA;DA SEME;;
133;PEPERONE PER LA PRODUZIONE DI SEME;000;;932;008;000;000;PEPERONE;DA SEME;;
134;POMODORO PER LA PRODUZIONE DI SEME;000;;134;008;000;000;POMODORO;DA SEME;;
135;PORRO;000;VARIETA' GENERICA;135;007;000;000;PORRO;DA ORTO;;
136;PORRO PER LA PRODUZIONE DI SEME;000;;135;008;000;000;PORRO;DA SEME;;
137;RADICCHIO PER LA PRODUZIONE DI SEME;000;;935;008;000;000;RADICCHIO;DA SEME;;
141;RAVANELLO PER LA PRODUZIONE DI SEME;000;;936;008;000;000;RAVANELLO;DA SEME;;
142;SCALOGNO PER LA PRODUZIONE DI SEME;000;;680;008;000;000;SCALOGNO;DA SEME;;
145;SEDANO PER LA PRODUZIONE DI SEME;000;;145;008;000;000;SEDANO;DA SEME;;
146;SPINACIO PER LA PRODUZIONE DI SEME;000;;939;008;000;000;SPINACIO;DA SEME;;
147;ZUCCA PER LA PRODUZIONE DI SEME;000;;940;008;000;000;ZUCCA;DA SEME;;
148;ZUCCHINO PER LA PRODUZIONE DI SEME;000;;941;008;000;000;ZUCCHINO;DA SEME;;
149;SESAMO DA FORAGGIO;000;;149;002;000;000;SESAMO;DA FORAGGIO;;
150;TARTUFO DI PRATO;000;;150;002;000;000;TARTUFO DI PRATO;DA FORAGGIO;;
150;TARTUFO DI PRATO;053;ERBAIO IN PUREZZA, ANNUALE - NON PERMANENTE;150;002;053;000;TARTUFO DI PRATO;DA FORAGGIO;ERBAIO IN PUREZZA, ANNUALE - NON PERMANENTE;
151;PEPERETTA;000;;062;010;000;000;PEPERONCINO PEPERETTA;DA VIVAIO;;
151;PEPERETTA;004;FIORE RECISO;062;010;023;000;PEPERONCINO PEPERETTA;DA VIVAIO;FIORE RECISO;
151;PEPERONCINO PEPERETTA;005;DA MENSA;062;005;000;000;PEPERONCINO PEPERETTA;DA MENSA;;
152;TRIFOGLIO - DA FORAGGIO;053;ERBAIO IN PUREZZA, ANNUALE - NON PERMANENTE;152;002;053;043;TRIFOGLIO;DA FORAGGIO;ERBAIO IN PUREZZA, ANNUALE - NON PERMANENTE;DI LEGUMINOSE
152;TRIFOGLIO - DA FORAGGIO;054;PRATO PASCOLO IN PUREZZA AVVICENDATO  - NON PERMANENTE;152;002;054;043;TRIFOGLIO;DA FORAGGIO;PRATO PASCOLO IN PUREZZA AVVICENDATO  - NON PERMANENTE;DI LEGUMINOSE
152;TRIFOGLIO - DA FORAGGIO;055;PRATO PASCOLO IN PUREZZA  NON AVVICENDATO PER ALMENO 5 ANNI - PERMANENTE;152;002;055;043;TRIFOGLIO;DA FORAGGIO;PRATO PASCOLO IN PUREZZA  NON AVVICENDATO PER ALMENO 5 ANNI - PERMANENTE;DI LEGUMINOSE
153;RANUNCOLO;000;;153;010;000;000;RANUNCOLO;DA VIVAIO;;
153;RANUNCOLO;002;;153;000;000;000;RANUNCOLO;;;
153;RANUNCOLO;004;FIORE RECISO;153;010;023;000;RANUNCOLO;DA VIVAIO;FIORE RECISO;
154;TRITICALE;000;VARIETA' GENERICA;093;011;000;000;TRITICALE;FAVE, SEMI, GRANELLA;;
155;STATICE;000;;155;010;000;000;STATICE;DA VIVAIO;;
155;STATICE;001;;155;000;000;000;STATICE;;;
155;STATICE;004;FIORE RECISO;155;010;023;000;STATICE;DA VIVAIO;FIORE RECISO;
156;USO NON AGRICOLO - ALTRO;000;VARIETA' GENERICA;156;000;000;000;USO NON AGRICOLO - ALTRO;;;
156;USO NON AGRICOLO - ALTRO;001;MACERI, FONTANILI E RISORGIVE;156;000;018;000;USO NON AGRICOLO - ALTRO;;MACERI, FONTANILI E RISORGIVE;
156;USO NON AGRICOLO - ALTRO;002;COMPLESSO MACCHIA RADURA PER RIPRISTINO DI BIOTOPI;156;000;002;000;USO NON AGRICOLO - ALTRO;;COMPLESSO MACCHIA RADURA PER RIPRISTINO DI BIOTOPI;
156;USO NON AGRICOLO - ALTRO;003;ZONA UMIDA / PRATO UMIDO PER RIPRISTINO DI BIOTOPI;156;000;057;000;USO NON AGRICOLO - ALTRO;;ZONA UMIDA / PRATO UMIDO PER RIPRISTINO DI BIOTOPI;
156;USO NON AGRICOLO - ALTRO;004;ZONA UMIDA / PRATO UMIDO PER RIPRISTINO DI BIOTOPI- Canneti - Phragmites australis;156;000;057;019;USO NON AGRICOLO - ALTRO;;ZONA UMIDA / PRATO UMIDO PER RIPRISTINO DI BIOTOPI;Canneti - Phragmites australis
156;USO NON AGRICOLO - ALTRO;005;ZONA UMIDA / PRATO UMIDO PER RIPRISTINO DI BIOTOPI - Cariceti -;156;000;057;020;USO NON AGRICOLO - ALTRO;;ZONA UMIDA / PRATO UMIDO PER RIPRISTINO DI BIOTOPI;Cariceti
157;USO NON AGRICOLO - FABBRICATI;000;VARIETA' GENERICA;157;000;000;000;USO NON AGRICOLO - FABBRICATI;;;
157;USO NON AGRICOLO - FABBRICATI;002;PARCHI;157;000;019;000;USO NON AGRICOLO - FABBRICATI;;PARCHI;
159;VECCE;000;VARIETA' GENERICA;079;011;000;000;VECCE;FAVE, SEMI, GRANELLA;;
160;AGAPANTO;000;;160;010;000;000;AGAPANTO;DA VIVAIO;;
160;AGAPANTO;001;;160;000;000;000;AGAPANTO;;;
160;AGAPANTO;004;FIORE RECISO;160;010;023;000;AGAPANTO;DA VIVAIO;FIORE RECISO;
161;VITE;000;VARIETA' GENERICA;410;000;000;000;VITE;;;
162;INDIVIA O SCAROLA;000;;162;007;000;000;INDIVIA o SCAROLA;DA ORTO;;
163;UVA DA VINO;P01;ZONA DOC E/O DOCG;410;009;000;P01;VITE;DA VINO;;ZONA DOC E/O DOCG
163;UVA DA VINO;P02;ZONA IGT;410;009;000;P02;VITE;DA VINO;;ZONA IGT
163;UVA DA VINO;P03;ALTRE ZONE;410;009;000;P03;VITE;DA VINO;;ALTRE ZONE
164;ALSTROEMERIA;000;;164;010;000;000;ALSTROEMERIA;DA VIVAIO;;
164;ALSTROEMERIA;001;;164;000;000;000;ALSTROEMERIA;;;
164;ALSTROEMERIA;004;FIORE RECISO;164;010;023;000;ALSTROEMERIA;DA VIVAIO;FIORE RECISO;
166;UVA DA TRASFORMAZIONE;000;;410;003;037;000;VITE;DA INDUSTRIA;SPERIMENTALE;
167;RUCOLA;000;;167;007;000;000;RUCOLA;DA ORTO;;
169;DOLCETTA (GALLINELLA, SONCINO, VALERIANELLA);000;;169;007;000;000;DOLCETTA (GALLINELLA, SONCINO, VALERIANELLA);DA ORTO;;
170;FRUTTA A GUSCIO - SPECIE NON DEFINITA;000;VARIETA' GENERICA;490;000;000;000;FRUTTA A GUSCIO;;;
171;CORBEZZOLO;000;;171;000;000;000;CORBEZZOLO;;;
171;CORBEZZOLO;049;MICORRIZATO;171;000;000;049;CORBEZZOLO;;;MICORRIZATO
173;PIOPPETI ED ALTRE COLTIVAZIONI ARBOREE DA LEGNO - SPECIE NON DEFINITA;000;VARIETA' GENERICA;500;004;000;000;ARBORICOLTURA;DA LEGNO;;
173;PIOPPETI ED ALTRE COLTIVAZIONI ARBOREE DA LEGNO - SPECIE NON DEFINITA;514;ARBORICOLTURA DA LEGNO A CICLO LUNGO (>20 ANNI);500;004;000;057;ARBORICOLTURA;DA LEGNO;;CICLO LUNGO (>20 ANNI)
173;PIOPPETI ED ALTRE COLTIVAZIONI ARBOREE DA LEGNO - SPECIE NON DEFINITA;515;IMBOSCHIMENTI PROTETTIVI PERMANENTI;500;115;000;000;ARBORICOLTURA;IMBOSCHIMENTI PROTETTIVI PERMANENTI;;
176;SORBO;000;;176;005;000;000;SORBO;DA MENSA;;
177;GELSO;000;;177;000;000;000;GELSO;;;
177;GELSO;058;USO FORESTALE;177;000;058;000;GELSO;;FORESTALE;
178;ACERO;000;;178;000;000;000;ACERO;;;
179;ONTANO;000;;179;000;000;000;ONTANO;;;
179;ONTANO;058;USO FORESTALE;179;000;058;000;ONTANO;;FORESTALE;
180;BAGOLARO;000;;180;000;000;000;BAGOLARO;;;
181;CARPINO;000;;181;000;000;000;CARPINO;;;
181;CARPINO;049;MICORRIZATO;181;000;000;049;CARPINO;;;MICORRIZATO
182;CILIEGIO SELVATICO;000;;672;000;000;030;CILIEGIO;;;SELVATICO
182;CILIEGIO SELVATICO;059;IN FASE DI PIANTUMAZIONE;672;000;059;000;CILIEGIO;;IN FASE DI PIANTUMAZIONE;
183;OLMO;000;;183;000;000;000;OLMO;;;
183;OLMO;058;USO FORESTALE;183;000;058;000;OLMO;;FORESTALE;
187;VIGNETO SPERIMENTALE PER UVA DA TAVOLA;000;;410;005;037;000;VITE;DA MENSA;SPERIMENTALE;
188;PAULOWNIA TOMENTOSA;000;;188;000;000;000;PAULOWNIA TOMENTOSA;;;
188;PAULOWNIA TOMENTOSA;058;USO FORESTALE;188;000;058;000;PAULOWNIA TOMENTOSA;;FORESTALE;
189;PERO SELVATICO;000;;189;000;000;030;PERO;;;SELVATICO
189;PERO SELVATICO;059;IN FASE DI PIANTUMAZIONE;189;000;059;000;PERO;;IN FASE DI PIANTUMAZIONE;
189;PERO;063;VARIETA' PRECOCI;189;000;000;063;PERO;;;VARIETA' PRECOCI
189;PERO;075;VARIETA' MEDIO TARDIVE;189;000;000;075;PERO;;;VARIETA' MEDIO TARDIVE
191;PLATANO;000;;191;000;000;000;PLATANO;;;
191;PLATANO;058;USO FORESTALE;191;000;058;000;PLATANO;;FORESTALE;
192;FARNIA;000;;192;000;000;000;FARNIA;;;
192;FARNIA;049;MICORRIZATO;192;000;000;049;FARNIA;;;MICORRIZATO
193;ROVERELLA;000;;193;000;000;000;ROVERELLA;;;
193;ROVERELLA;049;MICORRIZATO;193;000;000;049;ROVERELLA;;;MICORRIZATO
194;TIGLIO;000;;194;000;000;000;TIGLIO;;;
195;ABETE;000;;195;000;000;000;ABETE;;;
197;DOUGLASIA;000;;197;000;000;000;DOUGLASIA;;;
198;PINO MARITTIMO;000;;198;000;000;000;PINO MARITTIMO;;;
198;PINO MARITTIMO;049;MICORRIZATO;198;000;000;049;PINO MARITTIMO;;;MICORRIZATO
199;CIPRESSO;000;;199;000;000;000;CIPRESSO;;;
200;AGRUMI (SPECIE NON DEFINITA);000;VARIETA' GENERICA;430;000;000;000;AGRUMI;;;
201;ARANCIO;000;VARIETA' GENERICA;201;000;000;000;ARANCIO;;;
201;ARANCIO;059;IN FASE DI PIANTUMAZIONE;201;000;059;000;ARANCIO;;IN FASE DI PIANTUMAZIONE;
201;ARANCIO;063;VARIETA' PRECOCI;201;000;000;063;ARANCIO;;;VARIETA' PRECOCI
201;ARANCIO;075;VARIETA' MEDIO TARDIVE;201;000;000;075;ARANCIO;;;VARIETA' MEDIO TARDIVE
202;MANDARINO;000;VARIETA' GENERICA;202;000;000;000;MANDARINO;;;
202;MANDARINO;059;IN FASE DI PIANTUMAZIONE;202;000;059;000;MANDARINO;;IN FASE DI PIANTUMAZIONE;
202;MANDARINO;063;VARIETA' PRECOCI;202;000;000;063;MANDARINO;;;VARIETA' PRECOCI
202;MANDARINO;075;VARIETA' MEDIO TARDIVE;202;000;000;075;MANDARINO;;;VARIETA' MEDIO TARDIVE
203;CLEMENTINO;000;VARIETA' GENERICA;203;000;000;000;MANDARANCIO (CLEMENTINO);;;
203;MANDARANCIO (CLEMENTINO);059;IN FASE DI PIANTUMAZIONE;203;000;059;000;MANDARANCIO (CLEMENTINO);;IN FASE DI PIANTUMAZIONE;
203;MANDARANCIO (CLEMENTINO);063;VARIETA' PRECOCI;203;000;000;063;MANDARANCIO (CLEMENTINO);;;VARIETA' PRECOCI
204;LIMONE;000;VARIETA' GENERICA;204;000;000;000;LIMONE;;;
204;LIMONE;059;IN FASE DI PIANTUMAZIONE;204;000;059;000;LIMONE;;IN FASE DI PIANTUMAZIONE;
204;LIMONE;063;VARIETA' PRECOCI;204;000;000;063;LIMONE;;;VARIETA' PRECOCI
204;LIMONE;075;VARIETA' MEDIO TARDIVE;204;000;000;075;LIMONE;;;VARIETA' MEDIO TARDIVE
205;POMPELMO;000;VARIETA' GENERICA;205;000;000;000;POMPELMO;;;
205;POMPELMO;059;IN FASE DI PIANTUMAZIONE;205;000;059;000;POMPELMO;;IN FASE DI PIANTUMAZIONE;
206;TANGELO MAPO;000;;206;000;000;000;TANGELO MAPO;;;
206;TANGELO MAPO;059;IN FASE DI PIANTUMAZIONE;206;000;059;000;TANGELO MAPO;;IN FASE DI PIANTUMAZIONE;
207;SATSUMA;001;;207;000;000;000;SATSUMA;;;
207;SATSUMA;059;IN FASE DI PIANTUMAZIONE;207;000;059;000;SATSUMA;;IN FASE DI PIANTUMAZIONE;
208;PINO D'ALEPPO;000;;208;000;000;000;PINO;;;
209;PRATO IN ROTOLO (TAPPETO ERBOSO);051;AVVICENDATO - NON PERMANENTE;209;000;051;000;PRATO IN ROTOLO (TAPPETO ERBOSO);;AVVICENDATO - NON PERMANENTE;
209;PRATO IN ROTOLO (TAPPETO ERBOSO);052;NON AVVICENDATO PER ALMENO 5 ANNI - PERMANENTE;209;000;052;000;PRATO IN ROTOLO (TAPPETO ERBOSO);;NON AVVICENDATO PER ALMENO 5 ANNI - PERMANENTE;
213;LYCIUM BARBARUM (GOJI);000;;213;000;000;000;LYCIUM BARBARUM (GOJI);;;
215;MOCO;000;;215;000;000;000;MOCO;;;
216;LIQUIRIZIA;000;;216;000;000;000;LIQUIRIZIA;;;
217;FAGIOLO D'EGITTO (Dolichos lablab);000;;217;000;000;000;FAGIOLO D'EGITTO;;;
218;PASCOLO CON PRATICHE TRADIZIONALI TARA 50%;009;PASCOLO MAGRO NON AVVICENDATO PER ALMENO 5 ANNI - PERMANENTE;218;002;009;150;PASCOLO CON PRATICHE TRADIZIONALI;DA FORAGGIO;PASCOLO MAGRO NON AVVICENDATO PER ALMENO 5 ANNI - PERMANENTE;coefficiente di riduzione 50%
218;PASCOLO CON PRATICHE TRADIZIONALI;019;PASCOLO MAGRO NON AVVICENDATO PER ALMENO 5 ANNI – PERMANENTE – coefficiente di riduzione 70%;218;002;009;170;PASCOLO CON PRATICHE TRADIZIONALI;DA FORAGGIO;PASCOLO MAGRO NON AVVICENDATO PER ALMENO 5 ANNI - PERMANENTE;coefficiente di riduzione 70%
219;CIPOLLETTA  CIPOLLA D'INVERNO DA ORTO;000;;219;007;000;000;CIPOLLETTA  CIPOLLA D'INVERNO O BUNCHING ONION;DA ORTO;;
220;QUMQUAT;000;;220;000;000;000;QUMQUAT;;;
221;ANETO;000;;221;000;000;000;ANETO;;;
222;ANETO PER LA PRODUZIONE DI SEME;000;;221;008;000;000;ANETO;DA SEME;;
223;AVENA PER LA PRODUZIONE DI SEME;000;;533;008;000;000;AVENA;DA SEME;;
224;COLZA IBRIDA PER LA PRODUZIONE DI SEME;000;;003;008;000;029;COLZA;DA SEME;;IBRIDI
225;COLZA PER LA PRODUZIONE DI SEME;000;;003;008;000;000;COLZA;DA SEME;;
226;CORIANDOLO PER LA PRODUZIONE DI SEME;000;;226;008;000;000;CORIANDOLO;DA SEME;;
227;GIRASOLE PER LA PRODUZIONE DI SEME;000;;005;008;000;000;GIRASOLE;DA SEME;;
228;GIUGGIOLO;000;;228;000;000;000;GIUGGIOLO;;;
229;GRANO (FRUMENTO) DURO PER LA PRODUZIONE DI SEME;000;;002;008;000;000;GRANO (FRUMENTO) DURO;DA SEME;;
230;GRANO (FRUMENTO) TENERO PER LA PRODUZIONE DI SEME;000;;587;008;000;000;GRANO (FRUMENTO) TENERO;DA SEME;;
231;GRANTURCO (MAIS) PER LA PRODUZIONE DI SEME;000;;001;008;000;000;GRANTURCO (MAIS);DA SEME;;
232;INDIVIA O SCAROLA  PER LA PRODUZIONE DI SEME;000;;162;008;000;000;INDIVIA o SCAROLA;DA SEME;;
233;ORZO PER LA PRODUZIONE DI SEME;000;;870;008;000;000;ORZO;DA SEME;;
234;RUCOLA PER LA PRODUZIONE DI SEME;000;;167;008;000;000;RUCOLA;DA SEME;;
234;RUCOLA;029;DA SEME - IBRIDO;167;008;000;029;RUCOLA;DA SEME;;IBRIDO
235;SEGALA PER LA PRODUZIONE DI SEME;000;;684;008;000;000;SEGALA;DA SEME;;
236;SORGO PER LA PRODUZIONE DI SEME;000;;693;008;000;000;SORGO;DA SEME;;
237;TRITICALE PER LA PRODUZIONE DI SEME;000;;093;008;000;000;TRITICALE;DA SEME;;
238;FARRO PER LA PRODUZIONE DI SEME;000;;009;008;000;000;FARRO;DA SEME;;
239;BROCCOLETTO DI RAPA DA SEME;000;;117;008;000;000;BROCCOLETTO O CIME DI RAPA;DA SEME;;
240;BARBABIETOLA DA ZUCCHERO;000;VARIETA' GENERICA;240;003;000;025;BARBABIETOLA - RAPA ROSSA/BIETOLA DA COSTA;DA INDUSTRIA;;DA ZUCCHERO
240;BARBABIETOLA DA ZUCCHERO;500;USO ENERGETICO;240;000;000;022;BARBABIETOLA - RAPA ROSSA/BIETOLA DA COSTA;;;ENERGETICO
241;COLZA - SEMI;000;;003;011;000;000;COLZA;FAVE, SEMI, GRANELLA;;
241;COLZA - SEMI;011;IBRIDI;003;011;000;029;COLZA;FAVE, SEMI, GRANELLA;;IBRIDI
241;COLZA - SEMI;500;USO ENERGETICO;003;011;000;022;COLZA;FAVE, SEMI, GRANELLA;;ENERGETICO
241;COLZA - SEMI;511;IBRIDI-USO ENERGETICO;003;011;000;021;COLZA;FAVE, SEMI, GRANELLA;;IBRIDI/ENERGETICO
242;RAVIZZONE - SEMI;000;;058;011;000;000;RAVIZZONE;FAVE, SEMI, GRANELLA;;
242;RAVIZZONE - SEMI;001;IBRIDI;058;011;000;029;RAVIZZONE;FAVE, SEMI, GRANELLA;;IBRIDI
242;RAVIZZONE - SEMI;500;USO ENERGETICO;058;011;000;022;RAVIZZONE;FAVE, SEMI, GRANELLA;;ENERGETICO
242;RAVIZZONE - SEMI;511;IBRIDI-USO ENERGETICO;058;011;000;021;RAVIZZONE;FAVE, SEMI, GRANELLA;;IBRIDI/ENERGETICO
243;CEDRO;000;;060;005;000;000;CEDRO;DA MENSA;;
244;TRITORDEUM - INSILATO;000;;244;011;010;022;TRITORDEUM;FAVE, SEMI, GRANELLA;INSILATO;ENERGETICO
244;TRITORDEUM - INSILATO;500;USO ENERGETICO;244;002;010;022;TRITORDEUM;DA FORAGGIO;INSILATO;ENERGETICO
246;USO NON AGRICOLO - AREE NON COLTIVABILI;000;;770;000;000;000;USO NON AGRICOLO - AREE NON COLTIVABILI;;;
247;DOLCETTA PER LA PRODUZIONE DI SEME (GALLINELLA, SONCINO, VALERIANELLA);000;;169;008;000;000;DOLCETTA (GALLINELLA, SONCINO, VALERIANELLA);DA SEME;;
248;FAGIOLO D'EGITTO PER LA PRODUZIONE DI SEME;000;;217;008;000;000;FAGIOLO D'EGITTO;DA SEME;;
249;CORIANDOLO;000;;226;000;000;000;CORIANDOLO;;;
250;CARVI - CUMINO DEI PRATI;000;;262;000;000;000;CARVI - CUMINO DEI PRATI;;;
251;CARVI - CUMINO DEI PRATI PER LA PRODUZIONE DI SEME;000;;262;008;000;000;CARVI - CUMINO DEI PRATI;DA SEME;;
252;CUMINO - CUMINO ROMANO;000;;293;000;000;000;CUMINO - CUMINO ROMANO;;;
253;CUMINO - CUMINO ROMANO PER LA PRODUZIONE DI SEME;000;;293;008;000;000;CUMINO - CUMINO ROMANO;DA SEME;;
254;FESTUCA INDURITA PER LA PRODUZIONE DI SEME;000;;263;008;000;000;FESTUCA INDURITA;DA SEME;;
255;FESTUCA  A FOGLIE CAPILLARI PER LA PRODUZIONE DI SEME;000;;264;008;000;000;FESTUCA  A FOGLIE CAPILLARI;DA SEME;;
256;FLEOLO BULBOSO PER LA PRODUZIONE DI SEME;000;;403;008;000;000;FLEOLO BULBOSO;DA SEME;;
257;FAGIOLO DALL'OCCHIO PER LA PRODUZIONE DI SEME;000;;453;008;000;000;FAGIOLO DALL'OCCHIO;DA SEME;;
258;FAGIOLO DI LIMA PER LA PRODUZIONE DI SEME;000;;454;008;000;000;FAGIOLO DI LIMA;DA SEME;;
259;FAGIOLO DI SPAGNA;000;;265;007;000;000;FAGIOLO DI SPAGNA;DA ORTO;;
260;FAGIOLO DI SPAGNA PER LA PRODUZIONE DI SEME;000;;265;008;000;000;FAGIOLO DI SPAGNA;DA SEME;;
261;AVENA  ALTISSIMA PER LA PRODUZIONE DI SEME;000;;261;008;000;000;AVENA ALTISSIMA;DA SEME;;
266;CARTAMO PER LA PRODUZIONE DI SEME;000;;539;008;000;000;CARTAMO;DA SEME;;
267;GRANTURCO (MAIS) DOLCE PER LA PRODUZIONE DI SEME;000;;001;008;000;018;GRANTURCO (MAIS);DA SEME;;DOLCE
268;GRANTURCO (MAIS)DA POPCORN;000;;001;011;000;042;GRANTURCO (MAIS);FAVE, SEMI, GRANELLA;;DA POPCORN
269;GRANTURCO (MAIS)DA POPCORN PER LA PRODUZIONE DI SEME;000;;001;008;000;042;GRANTURCO (MAIS);DA SEME;;DA POPCORN
271;VECCIA SATIVA;053;ERBAIO IN PUREZZA, ANNUALE - NON PERMANENTE;389;002;053;043;VECCIA SATIVA;DA FORAGGIO;ERBAIO IN PUREZZA, ANNUALE - NON PERMANENTE;DI LEGUMINOSE
271;VECCIA SATIVA;054;PRATO PASCOLO IN PUREZZA AVVICENDATO  - NON PERMANENTE;389;002;054;043;VECCIA SATIVA;DA FORAGGIO;PRATO PASCOLO IN PUREZZA AVVICENDATO  - NON PERMANENTE;DI LEGUMINOSE
271;VECCIA SATIVA;055;PRATO PASCOLO IN PUREZZA  NON AVVICENDATO PER ALMENO 5 ANNI - PERMANENTE;389;002;055;043;VECCIA SATIVA;DA FORAGGIO;PRATO PASCOLO IN PUREZZA  NON AVVICENDATO PER ALMENO 5 ANNI - PERMANENTE;DI LEGUMINOSE
272;VECCIA VILLOSA;053;ERBAIO IN PUREZZA, ANNUALE - NON PERMANENTE;390;002;053;043;VECCIA VILLOSA;DA FORAGGIO;ERBAIO IN PUREZZA, ANNUALE - NON PERMANENTE;DI LEGUMINOSE
272;VECCIA VILLOSA;054;PRATO PASCOLO IN PUREZZA AVVICENDATO  - NON PERMANENTE;390;002;054;043;VECCIA VILLOSA;DA FORAGGIO;PRATO PASCOLO IN PUREZZA AVVICENDATO  - NON PERMANENTE;DI LEGUMINOSE
272;VECCIA VILLOSA;055;PRATO PASCOLO IN PUREZZA  NON AVVICENDATO PER ALMENO 5 ANNI - PERMANENTE;390;002;055;043;VECCIA VILLOSA;DA FORAGGIO;PRATO PASCOLO IN PUREZZA  NON AVVICENDATO PER ALMENO 5 ANNI - PERMANENTE;DI LEGUMINOSE
273;CARDI PER LA PRODUZIONE DI SEME;000;;910;008;000;000;CARDI;DA SEME;;
274;COCOMERO PER LA PRODUZIONE DI SEME;000;;924;008;000;000;COCOMERO;DA SEME;;
275;CAVOLO CINESE;000;;270;000;000;000;CAVOLO CINESE;;;
276;CAVOLO CINESE PER LA PRODUZIONE DI SEME;000;;270;008;000;000;CAVOLO CINESE;DA SEME;;
277;CAVOLO RAPA;000;;954;000;000;000;CAVOLO RAPA;;;
278;CAVOLO RAPA DA SEME;000;;954;008;000;000;CAVOLO RAPA;DA SEME;;
279;MENTA DOLCE;000;;279;000;000;000;MENTA DOLCE;;;
280;MENTA PIPERITA;000;;280;000;000;000;MENTA PIPERITA;;;
281;MENTUCCIA;000;;245;000;000;000;MENTUCCIA;;;
282;CAVOLO BROCCOLO PER LA PRODUZIONE DI SEME;000;;970;008;000;000;CAVOLO BROCCOLO;DA SEME;;
283;BRASSICA CARINATA  (CAVOLO ABISSINO) USO ENERGETICO;000;;972;000;000;022;BRASSICA CARINATA  (CAVOLO ABISSINO);;;ENERGETICO
284;BRASSICA CARINATA  (CAVOLO ABISSINO) DA SEME;000;;972;008;000;000;BRASSICA CARINATA  (CAVOLO ABISSINO);DA SEME;;
285;PISELLI DA ORTO;000;;020;007;000;000;PISELLO;DA ORTO;;
286;ALTEA;000;;286;000;000;000;ALTEA;;;
287;AMAMELIDE;000;;287;010;000;000;AMAMELIDE;DA VIVAIO;;
287;AMAMELIDE;001;;287;000;000;000;AMAMELIDE;;;
288;ANGELICA;000;;288;000;000;000;ANGELICA;;;
289;ANICE COMUNE;000;;289;000;000;000;ANICE COMUNE;;;
291;ARNICA;000;;291;000;000;000;ARNICA;;;
292;ARONIA NERA;000;;292;000;000;000;ARONIA NERA;DA VIVAIO;;
292;ARONIA NERA;010;DA VIVAIO;292;010;000;000;ARONIA NERA;DA VIVAIO;;
294;BASILICO SANTO;000;;294;000;000;000;BASILICO SANTO;;;
295;ARTEMISIA;000;;295;000;000;000;ARTEMISIA;;;
296;ASSENZIO;000;;296;000;000;000;ASSENZIO;;;
297;BARDANA;000;;297;000;000;000;BARDANA;;;
298;BETULLA;000;;298;000;000;000;BETULLA;;;
300;PIOPPO BIANCO;000;;300;000;000;000;PIOPPO BIANCO;;;
300;PIOPPO BIANCO;049;MICORRIZATO;300;000;000;049;PIOPPO BIANCO;;;MICORRIZATO
300;PIOPPO BIANCO;058;USO FORESTALE;300;000;058;000;PIOPPO BIANCO;;FORESTALE;
300;PIOPPO BIANCO;500;ENERGETICO;300;000;000;022;PIOPPO BIANCO;;;ENERGETICO
301;PIOPPO NERO;000;;301;000;000;000;PIOPPO NERO;;;
301;PIOPPO NERO;049;MICORRIZATO;301;000;000;049;PIOPPO NERO;;;MICORRIZATO
301;PIOPPO NERO;058;USO FORESTALE;301;000;058;000;PIOPPO NERO;;FORESTALE;
301;PIOPPO NERO;500;ENERGETICO;301;000;000;022;PIOPPO NERO;;;ENERGETICO
302;PIOPPO TREMULO;000;;302;000;000;000;PIOPPO TREMULO;;;
302;PIOPPO TREMULO;049;MICORRIZATO;302;000;000;049;PIOPPO TREMULO;;;MICORRIZATO
302;PIOPPO TREMULO;058;USO FORESTALE;302;000;058;000;PIOPPO TREMULO;;FORESTALE;
302;PIOPPO TREMULO;500;ENERGETICO;302;000;000;022;PIOPPO TREMULO;;;ENERGETICO
303;FAGGIO;000;;303;000;000;000;FAGGIO;;;
303;FAGGIO;049;MICORRIZATO;303;000;000;049;FAGGIO;;;MICORRIZATO
304;BIANCOSPINO;000;;304;000;000;000;BIANCOSPINO;;;
305;BIRICOCCOLO SUSINCOCCO;000;;305;000;000;000;BIRICOCCOLO SUSINCOCCO;;;
306;BORRAGINE;000;;306;000;000;000;BORRAGINE;;;
307;FRASSINO MAGGIORE;000;;307;000;000;000;FRASSINO MAGGIORE;;;
308;FRASSINO DELLA MANNA ORNO ORNIELLO;000;;308;000;000;000;FRASSINO DELLA MANNA ORNO ORNIELLO;;;
309;FRASSINO OSSIFILLO O MERIDIONALE;000;;309;000;000;000;FRASSINO OSSIFILLO O MERIDIONALE;;;
310;GINKGO BILOBA;000;;310;000;000;000;GINKGO BILOBA;;;
311;LECCIO;000;;311;000;000;000;LECCIO;;;
311;LECCIO;049;MICORRIZATO;311;000;000;049;LECCIO;;;MICORRIZATO
312;IPPOCASTANO O CASTAGNO D'INDIA;000;;312;000;000;000;IPPOCASTANO O CASTAGNO D'INDIA;;;
313;ROVERE;000;;313;000;000;000;ROVERE;;;
313;ROVERE;049;MICORRIZATO;313;000;000;049;ROVERE;;;MICORRIZATO
314;SUGHERA QUERCIA DA SUGHERO;000;;314;000;000;000;SUGHERA QUERCIA DA SUGHERO;;;
315;SAMBUCO;000;;315;000;000;000;SAMBUCO;;;
315;SAMBUCO;017;DA VIVAIO - PERMANENTE;315;010;000;000;SAMBUCO;DA VIVAIO;;
316;OLIVELLO O OLIVELLO SPINOSO;000;;316;000;000;000;OLIVELLO O OLIVELLO SPINOSO;;;
316;OLIVELLO O OLIVELLO SPINOSO;017;DA VIVAIO - PERMANENTE;316;010;000;000;OLIVELLO O OLIVELLO SPINOSO;DA VIVAIO;;
317;GINEPRO;000;;317;000;000;000;GINEPRO;;;
317;GINEPRO;017;DA VIVAIO - PERMANENTE;317;010;000;000;GINEPRO;DA VIVAIO;;
318;MIRTO;000;;318;000;000;000;MIRTO;;;
318;MIRTO;017;DA VIVAIO - PERMANENTE;318;010;000;000;MIRTO;DA VIVAIO;;
319;RUSCO  PUNGITOPO;000;;319;000;000;000;RUSCO  PUNGITOPO;;;
319;RUSCO  PUNGITOPO;017;DA VIVAIO - PERMANENTE;319;010;000;000;RUSCO  PUNGITOPO;DA VIVAIO;;
320;CISTO BIANCO;000;;320;000;000;000;CISTO BIANCO;;;
320;CISTO BIANCO;017;DA VIVAIO - PERMANENTE;320;010;000;000;CISTO BIANCO;DA VIVAIO;;
320;CISTO BIANCO;049;MICORRIZATO;320;000;000;049;CISTO BIANCO;;;MICORRIZATO
320;CISTO BIANCO;249;MICORRIZATO - DA VIVAIO - PERMANENTE;320;010;000;049;CISTO BIANCO;DA VIVAIO;;MICORRIZATO
321;ACCA SELLOWIANA O FEJIOIA SELLOWIANA;000;;321;000;000;000;ACCA SELLOWIANA O FEJIOIA SELLOWIANA;;;
321;ACCA SELLOWIANA O FEJIOIA SELLOWIANA;017;DA VIVAIO - PERMANENTE;321;010;000;000;ACCA SELLOWIANA O FEJIOIA SELLOWIANA;DA VIVAIO;;
322;LIPPIA CITRIODORA O CEDRINA O LIMONCINA (ALOYSIA CITRODORA);000;;322;000;000;000;LIPPIA CITRIODORA O CEDRINA O LIMONCINA (ALOYSIA CITRODORA);;;
322;LIPPIA CITRIODORA O CEDRINA O LIMONCINA (ALOYSIA CITRODORA);017;DA VIVAIO - PERMANENTE;322;010;000;000;LIPPIA CITRIODORA O CEDRINA O LIMONCINA (ALOYSIA CITRODORA);DA VIVAIO;;
322;LIPPIA CITRIODORA O CEDRINA O LIMONCINA (ALOYSIA CITRODORA);026;FRONDE FIORITE;322;000;026;000;LIPPIA CITRIODORA O CEDRINA O LIMONCINA (ALOYSIA CITRODORA);;FRONDE FIORITE;
323;ONTANO NAPOLETANO;000;;323;000;000;000;ONTANO NAPOLETANO;;;
324;CAMOMILLA;000;;324;000;000;000;CAMOMILLA;;;
325;CAMOMILLA ROMANA;000;;325;000;000;000;CAMOMILLA ROMANA;;;
326;CARDO MARIANO (SILYBUM MARIANUM);000;;326;000;000;000;CARDO MARIANO;;;
327;CENTAUREA MINORE;000;;327;000;000;000;CENTAUREA MINORE;;;
328;ELICRISO;000;;328;000;000;000;ELICRISO;;;
329;ENULA;000;;329;000;000;000;ENULA;;;
330;EQUISETO;000;;330;000;000;000;EQUISETO;;;
331;ESCOLZIA;000;;331;000;000;000;ESCOLZIA;;;
332;FACELIA;000;;332;000;000;000;FACELIA;;;
332;FACELIA;004;FIORE RECISO;332;010;023;000;FACELIA;DA VIVAIO;FIORE RECISO;
333;SUPERFICI AGRICOLE RITIRATE DALLA PRODUZIONE;000;;214;000;049;051;SUPERFICI AGRICOLE RITIRATE DALLA PRODUZIONE;;TERRENO SEMINATO SENZA FINI PRODUTTIVI IMMEDIATI;SPECIE MELLIFERE E POLLINIFERE
333;SUPERFICI AGRICOLE RITIRATE DALLA PRODUZIONE;001;TERRENO NUDO-INTERVENTI DI RIPRISTINO DI HABITAT O BIOTOPI;214;000;047;032;SUPERFICI AGRICOLE RITIRATE DALLA PRODUZIONE;;TERRENO NUDO;INTERVENTI DI RIPRISTINO DI HABITAT O BIOTOPI
333;SUPERFICI AGRICOLE RITIRATE DALLA PRODUZIONE;002;TERRENO NUDO-LAVORAZIONI PREPARATORIE DEL TERRENO O PER IL CONTENIMENTO DELLE INFESTANTI;214;000;047;034;SUPERFICI AGRICOLE RITIRATE DALLA PRODUZIONE;;TERRENO NUDO;LAVORAZIONI PREPARATORIE DEL TERRENO O PER IL CONTENIMENTO DELLE INFESTANTI
333;SUPERFICI AGRICOLE RITIRATE DALLA PRODUZIONE;003;TERRENO NUDO-LAVORAZIONI DI AFFINAMENTO PER FAVORIRE L'INERBIMENTO;214;000;047;035;SUPERFICI AGRICOLE RITIRATE DALLA PRODUZIONE;;TERRENO NUDO;LAVORAZIONI DI AFFINAMENTO PER FAVORIRE L'INERBIMENTO
333;SUPERFICI AGRICOLE RITIRATE DALLA PRODUZIONE;004;TERRENO NUDO-LAVORAZIONI FUNZIONALI A INTERVENTI DI MIGLIORAMENTO FONDIARIO;214;000;047;036;SUPERFICI AGRICOLE RITIRATE DALLA PRODUZIONE;;TERRENO NUDO;LAVORAZIONI FUNZIONALI A INTERVENTI DI MIGLIORAMENTO FONDIARIO
333;SUPERFICI AGRICOLE RITIRATE DALLA PRODUZIONE;005;TERRENO COPERTO DA VEGETAZIONE SPONTANEA-INTERVENTI DI RIPRISTINO DI HABITAT O BIOTOPI;214;000;048;032;SUPERFICI AGRICOLE RITIRATE DALLA PRODUZIONE;;TERRENO COPERTO DA VEGETAZIONE SPONTANEA;INTERVENTI DI RIPRISTINO DI HABITAT O BIOTOPI
333;SUPERFICI AGRICOLE RITIRATE DALLA PRODUZIONE;006;TERRENO COPERTO DA VEGETAZIONE SPONTANEA-COPERTURA VEGETALE SPONTANEA;214;000;048;037;SUPERFICI AGRICOLE RITIRATE DALLA PRODUZIONE;;TERRENO COPERTO DA VEGETAZIONE SPONTANEA;COPERTURA VEGETALE SPONTANEA
333;SUPERFICI AGRICOLE RITIRATE DALLA PRODUZIONE;007;TERRENO SEMINATO SENZA FINI PRODUTTIVI IMMEDIATI-PRATICA DEL SOVESCIO, CON SPECIE DA SOVESCIO O PIANTE BIOCIDE;214;000;049;031;SUPERFICI AGRICOLE RITIRATE DALLA PRODUZIONE;;TERRENO SEMINATO SENZA FINI PRODUTTIVI IMMEDIATI;PRATICA DEL SOVESCIO, CON SPECIE DA SOVESCIO O PIANTE BIOCIDE
333;SUPERFICI AGRICOLE RITIRATE DALLA PRODUZIONE;008;TERRENO SEMINATO SENZA FINI PRODUTTIVI IMMEDIATI-INTERVENTI DI RIPRISTINO DI HABITAT O BIOTOPI;214;000;049;032;SUPERFICI AGRICOLE RITIRATE DALLA PRODUZIONE;;TERRENO SEMINATO SENZA FINI PRODUTTIVI IMMEDIATI;INTERVENTI DI RIPRISTINO DI HABITAT O BIOTOPI
333;SUPERFICI AGRICOLE RITIRATE DALLA PRODUZIONE;009;TERRENO SEMINATO SENZA FINI PRODUTTIVI IMMEDIATI-COLTURE A PERDERE PER LA FAUNA;214;000;049;033;SUPERFICI AGRICOLE RITIRATE DALLA PRODUZIONE;;TERRENO SEMINATO SENZA FINI PRODUTTIVI IMMEDIATI;COLTURE A PERDERE PER LA FAUNA
333;SUPERFICI AGRICOLE RITIRATE DALLA PRODUZIONE;010;TERRENO SEMINATO SENZA FINI PRODUTTIVI IMMEDIATI-SPECIE MELLIFERE;214;000;049;048;SUPERFICI AGRICOLE RITIRATE DALLA PRODUZIONE;;TERRENO SEMINATO SENZA FINI PRODUTTIVI IMMEDIATI;SPECIE MELLIFERE
333;SUPERFICI AGRICOLE RITIRATE DALLA PRODUZIONE;196;SPECIE MELLIFERE E POLLINIFERE CON PREVALENZA DI LEGUMINOSE;214;000;049;196;SUPERFICI AGRICOLE RITIRATE DALLA PRODUZIONE;;TERRENO SEMINATO SENZA FINI PRODUTTIVI IMMEDIATI;SPECIE MELLIFERE E POLLINIFERE DI SOLEá LEGUMINOSE
334;FILIPENDULA,  ULMARIA;000;;334;000;000;000;FILIPENDULA,ULMARIA;;;
335;FIORDALISO;000;;335;000;000;000;FIORDALISO;;;
335;FIORDALISO;004;FIORE RECISO;335;010;023;000;FIORDALISO;DA VIVAIO;FIORE RECISO;
336;PRATO POLIFITA;051;AVVICENDATO - NON PERMANENTE;336;002;051;044;PRATO POLIFITA;DA FORAGGIO;AVVICENDATO - NON PERMANENTE;MISTO
336;PRATO POLIFITA;052;NON AVVICENDATO PER ALMENO 5 ANNI (SFALCIATO) - PERMANENTE;336;002;052;044;PRATO POLIFITA;DA FORAGGIO;NON AVVICENDATO PER ALMENO 5 ANNI - PERMANENTE;MISTO
336;PRATO POLIFITA;070;ARGINE INERBITO LUNGO I CORSI D' ACQUA - PERMANENTE - MISTO;336;002;070;044;PRATO POLIFITA;DA FORAGGIO;ARGINE INERBITO LUNGO I CORSI D'ACQUA-PERMANENTE;MISTO
337;GALEGA O CAPRAGGINE;000;;337;000;000;000;GALEGA O CAPRAGGINE;;;
337;GALEGA O CAPRAGGINE;053;ERBAIO IN PUREZZA, ANNUALE - NON PERMANENTE;337;002;053;000;GALEGA O CAPRAGGINE;DA FORAGGIO;ERBAIO IN PUREZZA, ANNUALE - NON PERMANENTE;
338;GIAGGIOLO (IRIS) PALLIDA;004;FIORE RECISO;338;010;023;000;GIAGGIOLO (IRIS) PALLIDA;DA VIVAIO;FIORE RECISO;
340;GIAGGIOLO O GIGLIO  BIANCO  IRIS FIORENTINA;000;;340;000;000;000;GIAGGIOLO O GIGLIO  BIANCO  IRIS FIORENTINA;;;
340;GIAGGIOLO O GIGLIO  BIANCO  IRIS FIORENTINA;004;FIORE RECISO;340;010;023;000;GIAGGIOLO O GIGLIO  BIANCO  IRIS FIORENTINA;DA VIVAIO;FIORE RECISO;
341;SORBO;000;;176;000;000;000;SORBO;;;
341;SORBO;002;DA LEGNO;176;004;000;000;SORBO;DA LEGNO;;
342;GRINDELIA;000;;342;000;000;000;GRINDELIA;;;
343;GUALDO;000;;343;000;000;000;GUALDO;;;
344;IPERICO;000;;344;000;000;000;IPERICO;;;
345;ISSOPO;000;;345;000;000;000;ISSOPO;;;
346;GRANO TURANICUM O FRUMENTO ORIENTALE O GRANO KHORASAN DA SEME;000;;346;008;000;000;GRANO TURANICUM O FRUMENTO ORIENTALE O GRANO KHORASAN;DA SEME;;
347;GRANO TURANICUM O FRUMENTO ORIENTALE O GRANO KHORASAN;000;;346;011;000;000;GRANO TURANICUM O FRUMENTO ORIENTALE O GRANO KHORASAN;FAVE, SEMI, GRANELLA;;
348;MALVA;000;;348;000;000;000;MALVA;;;
349;MARRUBIO O ROBBIO;000;;349;000;000;000;MARRUBIO O ROBBIO;;;
350;AGROSTIDE PER LA PRODUZIONE DI SEME (SP. AGROSTIS CANINA L.);000;VARIETA' GENERICA;350;008;000;000;AGROSTIDE CANINA;DA SEME;;
351;AGROSTIDE PER LA PRODUZIONE DI SEME (SP. AGROSTIS GIGANTEA ROTH.);000;VARIETA' GENERICA;351;008;000;000;AGROSTIDE  GIGANTEA E BIANCA;DA SEME;;
352;AGROSTIDE PER LA PRODUZIONE DI SEME (SP. AGROSTIS STOLONIFERA L.);000;VARIETA' GENERICA;352;008;000;000;AGROSTIDE  STOLONIFERA;DA SEME;;
353;AGROSTIDE PER LA PRODUZIONE DI SEME (SP. AGROSTIS CAPILLARIS L.);000;VARIETA' GENERICA;353;008;000;000;AGROSTIDE  TENUE;DA SEME;;
354;CODA DI VOLPE PER LA PRODUZIONE DI SEME (SP. ARRHENATHERUM ELEATIUS L.);000;VARIETA' GENERICA;022;008;000;000;CODA DI VOLPE;DA SEME;;
355;ERBA MAZZOLINA PER LA PRODUZIONE DI SEME (SP. DACTYLIS GLOMERATA L.);000;VARIETA' GENERICA;032;008;000;000;ERBA MAZZOLINA;DA SEME;;
357;ERBA MEDICA PER LA PRODUZIONE DI SEME (SP. MEDICAGO SATIVA L. (VARIETA'));000;VARIETA' GENERICA;357;008;000;000;ERBA MEDICA  (SP. MEDICAGO SATIVA L. (VARIETA'));DA SEME;;
357;ERBA MEDICA PER LA PRODUZIONE DI SEME (SP. MEDICAGO SATIVA L. (VARIETA'));055;PRATO PASCOLO IN PUREZZA  NON AVVICENDATO PER ALMENO 5 ANNI - PERMANENTE;357;008;055;043;ERBA MEDICA  (SP. MEDICAGO SATIVA L. (VARIETA'));DA SEME;PRATO PASCOLO IN PUREZZA  NON AVVICENDATO PER ALMENO 5 ANNI - PERMANENTE;DI LEGUMINOSE
359;FESTUCA PER LA PRODUZIONE DI SEME (SP. FESTUCA ARUNDINACEA SCHREB.);000;VARIETA' GENERICA;359;008;000;000;FESTUCA  (SP. FESTUCA ARUNDINACEA SCHREB.);DA SEME;;
360;FESTUCA PER LA PRODUZIONE DI SEME (SP. FESTUCA OVINA L.);000;VARIETA' GENERICA;360;008;000;000;FESTUCA  (SP. FESTUCA OVINA L.);DA SEME;;
361;FESTUCA PER LA PRODUZIONE DI SEME (SP. FESTUCA PRATENSIS HUDS.);000;VARIETA' GENERICA;361;008;000;000;FESTUCA  (SP. FESTUCA PRATENSIS HUDS.);DA SEME;;
362;FESTUCA PER LA PRODUZIONE DI SEME (SP. FESTUCA RUBRA L.);000;VARIETA' GENERICA;362;008;000;000;FESTUCA (SP. FESTUCA RUBRA L.);DA SEME;;
363;FESTUCA PER LA PRODUZIONE DI SEME (SP. FESTULOLIUM);000;VARIETA' GENERICA;363;008;000;000;FESTUCA  (SP. FESTULOLIUM);DA SEME;;
364;FLEOLO (CODA DI TOPO) PER LA PRODUZIONE DI SEME (SP. PHLEUM BERTOLINI (DC));000;VARIETA' GENERICA;364;008;000;000;FLEOLO (CODA DI TOPO)  (SP. PHLEUM BERTOLINI (DC));DA SEME;;
365;FLEOLO (CODA DI TOPO) PER LA PRODUZIONE DI SEME (SP. PHLEUM PRATENSE L.);000;VARIETA' GENERICA;365;008;000;000;FLEOLO (CODA DI TOPO) (SP. PHLEUM PRATENSE L.);DA SEME;;
366;LINO PER LA PRODUZIONE DI SEME (SP. LINUM USITATISSIMUM L. (LINO TESSILE));000;VARIETA' GENERICA;055;008;000;009;LINO;DA SEME;;DA FIBRA
367;LINO PER LA PRODUZIONE DI SEME (SP. LINUM USITATISSIMUM L. (LINO OLEOSO));000;VARIETA' GENERICA;055;008;000;008;LINO;DA SEME;;DA OLIO
368;LOIETTO PER LA PRODUZIONE DI SEME (SP. LOLIUM MULTIFLORUM LAM.);000;VARIETA' GENERICA;046;008;000;000;LOIETTO LOGLIO;DA SEME;;
369;LOIETTO PER LA PRODUZIONE DI SEME (SP. LOLIUM X BOUCHEANUM KUNT.);000;VARIETA' GENERICA;369;008;000;000;LOIETTO  (SP. LOLIUM X BOUCHEANUM KUNT.);DA SEME;;
370;LOIETTO PER LA PRODUZIONE DI SEME (SP. LOLIUM PERENNE L.);000;VARIETA' GENERICA;047;008;000;000;LOIETTO LOGLIO PERENNE/LOIETTO INGLESE;DA SEME;;
371;LUPINELLA PER LA PRODUZIONE DI SEME (SP. ONOBRICHIS VICIIFOLIA SCOP.);000;VARIETA' GENERICA;612;008;000;000;LUPINELLA;DA SEME;;
372;LUPOLINA PER LA PRODUZIONE DI SEME (SP. MEDICAGO LUPOLINA L.);000;VARIETA' GENERICA;051;008;000;000;LUPOLINA;DA SEME;;
373;PISELLI PER LA PRODUZIONE DI SEME (SP. PISUM SATIVUM L.);000;VARIETA' GENERICA;020;008;000;000;PISELLO;DA SEME;;
374;POA PER LA PRODUZIONE DI SEME (SP. POA NEMORALIS L. );000;VARIETA' GENERICA;374;008;000;000;POA (SP. POA NEMORALIS L. );DA SEME;;
375;POA PER LA PRODUZIONE DI SEME (SP. POA PRATENSIS L.);000;VARIETA' GENERICA;375;008;000;000;POA  (SP. POA PRATENSIS L.);DA SEME;;
376;POA PER LA PRODUZIONE DI SEME (SP. POA PALUSTRIS E POA TRIVIALIS L.);000;VARIETA' GENERICA;376;008;000;000;POA  (SP. POA PALUSTRIS E POA TRIVIALIS L.);DA SEME;;
377;SPELTA PER LA PRODUZIONE DI SEME (SP. TRITICUM SPELTA L.);000;VARIETA' GENERICA;045;008;000;000;SPELTA;DA SEME;;
378;SULLA PER LA PRODUZIONE DI SEME (SP. HEDYSARUM CORONARIUM L.);000;VARIETA' GENERICA;840;008;000;000;SULLA;DA SEME;;
379;TRIFOGLIO PER LA PRODUZIONE DI SEME (SP. TRIFOLIUM ALEXANDRINUM L.);000;VARIETA' GENERICA;379;008;000;000;TRIFOGLIO (SP. TRIFOLIUM ALEXANDRINUM L.);DA SEME;;
380;PRATI PERMANENTI NATURALI CON VINCOLI AMBIENTALI - TARA 20%;009;PASCOLO MAGRO NON AVVICENDATO PER ALMENO 5 ANNI - PERMANENTE;380;000;009;000;PRATI PERMANENTI NATURALI CON VINCOLI AMBIENTALI - TARA 20%;;PASCOLO MAGRO NON AVVICENDATO PER ALMENO 5 ANNI - PERMANENTE;
380;PRATI PERMANENTI NATURALI CON VINCOLI AMBIENTALI - TARA 20%;058;PASCOLO MAGRO NON AVVICENDATO PER ALMENO 5 ANNI - PERMANENTE - CON PENDENZA MAGGIORE DEL 30%;380;000;009;058;PRATI PERMANENTI NATURALI CON VINCOLI AMBIENTALI - TARA 20%;;PASCOLO MAGRO NON AVVICENDATO PER ALMENO 5 ANNI - PERMANENTE;CON PENDENZA MAGGIORE DEL 30%
381;TRIFOGLIO PER LA PRODUZIONE DI SEME (SP. TRIFOLIUM HYBRIDUM L.);000;VARIETA' GENERICA;381;008;000;000;TRIFOGLIO  (SP. TRIFOLIUM HYBRIDUM L.);DA SEME;;
382;PRATI PERMANENTI NATURALI CON VINCOLI AMBIENTALI - TARA 50%;009;PASCOLO MAGRO NON AVVICENDATO PER ALMENO 5 ANNI - PERMANENTE;382;000;009;000;PRATI PERMANENTI NATURALI CON VINCOLI AMBIENTALI - TARA 50%;;PASCOLO MAGRO NON AVVICENDATO PER ALMENO 5 ANNI - PERMANENTE;
382;PRATI PERMANENTI NATURALI CON VINCOLI AMBIENTALI - TARA 50%;058;PASCOLO MAGRO NON AVVICENDATO PER ALMENO 5 ANNI - PERMANENTE - CON PENDENZA MAGGIORE DEL 30%;382;000;009;058;PRATI PERMANENTI NATURALI CON VINCOLI AMBIENTALI - TARA 50%;;PASCOLO MAGRO NON AVVICENDATO PER ALMENO 5 ANNI - PERMANENTE;CON PENDENZA MAGGIORE DEL 30%
383;TRIFOGLIO PER LA PRODUZIONE DI SEME (SP. TRIFOLIUM INCARNATUM L.);000;VARIETA' GENERICA;383;008;000;000;TRIFOGLIO (SP. TRIFOLIUM INCARNATUM L.);DA SEME;;
384;TRIFOGLIO PER LA PRODUZIONE DI SEME (SP. TRIFOLIUM PRATENSE L.);000;VARIETA' GENERICA;384;008;000;000;TRIFOGLIO  (SP. TRIFOLIUM PRATENSE L.);DA SEME;;
385;TRIFOGLIO PER LA PRODUZIONE DI SEME (SP. TRIFOLIUM REPENS L.);000;VARIETA' GENERICA;385;008;000;000;TRIFOGLIO (SP. TRIFOLIUM REPENS L.);DA SEME;;
386;MARGINI DEI CAMPI SEMINABILI;000;;386;000;000;000;MARGINI DEI CAMPI SEMINABILI;;;
388;TRIFOGLIO PER LA PRODUZIONE DI SEME (SP. TRIFOLIUM RESUPINATUM L.);000;VARIETA' GENERICA;388;008;000;000;TRIFOGLIO (SP. TRIFOLIUM RESUPINATUM L.);DA SEME;;
389;VECCIA PER LA PRODUZIONE DI SEME (SP. VICIA SATIVA L.);000;VARIETA' GENERICA;389;008;000;000;VECCIA SATIVA;DA SEME;;
390;VECCIA PER LA PRODUZIONE DI SEME (SP. VICIA VILLOSA ROTH.);000;VARIETA' GENERICA;390;008;000;000;VECCIA VILLOSA;DA SEME;;
391;PRATI PERMANENTI NATURALI CON VINCOLI AMBIENTALI;009;PASCOLO MAGRO NON AVVICENDATO PER ALMENO 5 ANNI - PERMANENTE;391;000;009;000;PRATI PERMANENTI NATURALI CON VINCOLI AMBIENTALI;;PASCOLO MAGRO NON AVVICENDATO PER ALMENO 5 ANNI - PERMANENTE;
391;PRATI PERMANENTI NATURALI CON VINCOLI AMBIENTALI;058;PASCOLO MAGRO NON AVVICENDATO PER ALMENO 5 ANNI - PERMANENTE - CON PENDENZA MAGGIORE DEL 30%;391;000;009;058;PRATI PERMANENTI NATURALI CON VINCOLI AMBIENTALI;;PASCOLO MAGRO NON AVVICENDATO PER ALMENO 5 ANNI - PERMANENTE;CON PENDENZA MAGGIORE DEL 30%
392;ORTICA;000;;392;000;000;000;ORTICA;;;
393;PARTENIO;000;;393;000;000;000;PARTENIO;;;
394;PASSIFLORA (MARACUJA o FRUTTO DELLA PASSIONE);001;;394;000;000;000;PASSIFLORA (MARACUJA o FRUTTO DELLA PASSIONE);;;
395;PASTINACA;000;;395;000;000;000;PASTINACA;;;
396;PIANTAGGINE LANCEOLATA O LINGUA DI CANE;000;;396;000;000;000;PIANTAGGINE LANCEOLATA O LINGUA DI CANE;;;
397;PIANTAGGINE MAGGIORE O LINGUA D'OCA;000;;397;000;000;000;PIANTAGGINE MAGGIORE O LINGUA D'OCA;;;
398;PSILLO O PLANTAGO OVATA;000;;398;000;000;000;PSILLO O PLANTAGO OVATA;;;
399;PILOSELLA;000;;399;000;000;000;PILOSELLA;;;
400;SUPERFICI SEMINABILI - COLTURE DA DEFINIRE;000;;666;000;000;000;SEMINATIVI;;;
402;CHINOTTO;000;;387;000;000;000;CHINOTTO;;;
404;BABACO;000;;404;000;000;000;BABACO;;;
405;AVOCADO;000;;405;000;000;000;AVOCADO;;;
406;TERRAZZAMENTI;000;;790;000;000;000;TERRAZZAMENTI;;;
406;TERRAZZAMENTI;114;SISTEMI LINEARI;790;114;000;038;TERRAZZAMENTI;SISTEMI LINEARI;;INCLUSO/ADIACENTE AL  SEMINATIVO
406;TERRAZZAMENTI;S01;SISTEMI LINEARI;790;114;000;040;TERRAZZAMENTI;SISTEMI LINEARI;;INCLUSO/ADIACENTE AL  PRATO PERMANENTE
406;TERRAZZAMENTI;S02;SISTEMI LINEARI;790;114;000;041;TERRAZZAMENTI;SISTEMI LINEARI;;INCLUSO/ADIACENTE ALLA  COLTURA PERMANENTE
406;TERRAZZAMENTI;S03;SISTEMI LINEARI CREATI EX NOVO SUI SEMINATIVI;;;;;;;;
407;FICODINDIA;000;;407;000;000;000;FICODINDIA;;;
408;MELOGRANO;000;;408;000;000;000;MELOGRANO;;;
409;CIPOLLETTA  CIPOLLA D'INVERNO DA SEME;000;;219;008;000;000;CIPOLLETTA  CIPOLLA D'INVERNO O BUNCHING ONION;DA SEME;;
411;ROSA CANINA;000;;411;000;000;000;ROSA CANINA;;;
411;ROSA CANINA;017;DA VIVAIO - PERMANENTE;411;010;000;000;ROSA CANINA;DA VIVAIO;;
412;ROVEJA PISELLO SELVATICO;000;;412;000;000;000;ROVEJA PISELLO SELVATICO;;;
412;ROVEJA PISELLO SELVATICO;053;ERBAIO IN PUREZZA, ANNUALE - NON PERMANENTE;412;002;053;000;ROVEJA PISELLO SELVATICO;DA FORAGGIO;ERBAIO IN PUREZZA, ANNUALE - NON PERMANENTE;
413;SANTOREGGIA MONTANA;000;;413;000;000;000;SANTOREGGIA MONTANA;;;
414;SCORZONERA;000;;414;000;000;000;SCORZONERA;;;
415;TARASSACO;000;;415;000;000;000;TARASSACO;;;
416;VALERIANA;000;;416;000;000;000;VALERIANA;;;
417;VERBENA OFFICINALE;000;;417;000;000;000;VERBENA OFFICINALE;;;
418;VERGA D'ORO (SOLIDAGO VIRGA AUREA L.);000;;418;000;000;000;VERGA D'ORO (SOLIDAGO VIRGA AUREA L.);;;
419;VIOLA TRICOLOR;000;;419;000;000;000;VIOLA TRICOLOR;;;
421;ZENZERO;000;;421;000;000;000;ZENZERO;;;
422;BAMBU;000;;422;000;000;000;BAMBU;;;
422;BAMBU;500;USO ENERGETICO;422;000;000;022;BAMBU;;;ENERGETICO
423;CASTAGNO;000;;492;000;000;000;CASTAGNO;;;
423;CASTAGNO;002;DA LEGNO;492;004;000;000;CASTAGNO;DA LEGNO;;
423;CASTAGNO;049;MICORRIZATO;492;000;000;049;CASTAGNO;;;MICORRIZATO
423;CASTAGNO;092;DA LEGNO - MICORRIZZATO;492;004;000;049;CASTAGNO;DA LEGNO;;MICORRIZATO
424;BAMBU GIGANTE;000;;424;000;000;000;BAMBU GIGANTE;;;
424;BAMBU GIGANTE;500;USO ENERGETICO;424;000;000;022;BAMBU GIGANTE;;;ENERGETICO
425;NOCCIOLE;000;;494;000;000;000;NOCCIOLO;;;
425;NOCCIOLE;002;DA LEGNO;494;004;000;000;NOCCIOLO;DA LEGNO;;
425;NOCCIOLE;049;MICORRIZATO;494;000;000;049;NOCCIOLO;;;MICORRIZATO
425;NOCCIOLE;092;DA LEGNO - MICORRIZZATO;494;004;000;049;NOCCIOLO;DA LEGNO;;MICORRIZATO
426;TRITORDEUM - DA FORAGGIO;000;;244;002;000;000;TRITORDEUM;DA FORAGGIO;;
426;TRITORDEUM - DA FORAGGIO;010;INSILATO;244;002;010;000;TRITORDEUM;DA FORAGGIO;INSILATO;
426;TRITORDEUM - DA FORAGGIO;500;USO ENERGETICO;244;002;000;022;TRITORDEUM;DA FORAGGIO;;ENERGETICO
428;PINO NERO;000;;428;000;000;000;PINO NERO;;;
428;PINO NERO;049;MICORRIZATO;428;000;000;049;PINO NERO;;;MICORRIZATO
429;RAFANO;000;;429;000;000;000;RAFANO;;;
431;RAFANO - DA SEME;000;;429;008;000;000;RAFANO;DA SEME;;
432;BERGAMOTTO;000;VARIETA' GENERICA;432;000;000;000;BERGAMOTTO;;;
435;LIMETTE;000;VARIETA' GENERICA;435;000;000;000;LIMETTE;;;
436;SENAPE BRUNA;000;;436;000;000;000;SENAPE BRUNA;;;
437;SENAPE BRUNA - DA SEME;000;;436;008;000;000;SENAPE BRUNA;DA SEME;;
438;SENAPE NERA;000;;438;000;000;000;SENAPE NERA;;;
439;SENAPE NERA - DA SEME;000;;438;008;000;000;SENAPE NERA;DA SEME;;
441;MELE DA TAVOLA;000;VARIETA' GENERICA;044;005;000;000;MELO;DA MENSA;;
441;MELO;076;DA MENSA - VARIETA'CLUB;044;005;000;076;MELO;DA MENSA;;VARIETA'CLUB
443;TRITORDEUM;000;;244;011;000;000;TRITORDEUM;FAVE, SEMI, GRANELLA;;
445;LAVANDA;000;;445;000;000;000;LAVANDA;;;
446;POA ANNUA - DA SEME;000;;446;008;000;000;POA ANNUA;DA SEME;;
447;FUNGHI;000;;447;007;000;000;FUNGHI;DA ORTO;;
447;FUNGHI;001;COLTIVATO  IN CICLO ALTERNATO CON ALTRE COLTURE SEMINATIVO;447;007;000;046;FUNGHI;DA ORTO;;COLTIVATO  IN CICLO ALTERNATO CON ALTRE COLTURE SEMINATIVO
447;FUNGHI;058;USO FORESTALE;447;000;058;000;FUNGHI;;FORESTALE;
448;TRITORDEUM PER LA PRODUZIONE DI SEME;000;;244;008;000;000;TRITORDEUM;DA SEME;;
449;CRISANTEMO PER LA PRODUZIONE DI SEME;000;;080;008;000;000;CRISANTEMO;DA SEME;;
450;NOCI COMUNI;000;;495;000;000;000;NOCE;;;
450;NOCI COMUNI;002;DA LEGNO;495;004;000;000;NOCE;DA LEGNO;;
451;PERE DA TAVOLA;000;VARIETA' GENERICA;189;005;000;000;PERO;DA MENSA;;
453;FAGIOLO DALL'OCCHIO;000;;453;000;000;000;FAGIOLO DALL'OCCHIO;;;
454;FAGIOLO DI LIMA;000;;454;000;000;000;FAGIOLO DI LIMA;;;
455;ROBBIA DEI TINTORI;000;;455;000;000;000;ROBBIA DEI TINTORI;;;
456;ALOE;000;;456;000;000;000;ALOE;;;
457;ECHINACEA PALLIDA;000;;457;000;000;000;ECHINACEA PALLIDA;;;
457;ECHINACEA PALLIDA;063;RADICI;457;000;063;000;ECHINACEA PALLIDA;;RADICI;
458;ECHINACEA ANGUSTIFOLIA;000;;458;000;000;000;ECHINACEA ANGUSTIFOLIA;;;
458;ECHINACEA ANGUSTIFOLIA;063;RADICI;458;000;063;000;ECHINACEA ANGUSTIFOLIA;;RADICI;
459;TASSO;000;;459;000;000;000;TASSO;;;
460;PRATI ARIDI - FORMAZIONI ERBOSE CON ORCHIDEE;009;PASCOLO MAGRO NON AVVICENDATO PER ALMENO 5 ANNI - PERMANENTE;460;002;009;000;PRATI ARIDI - FORMAZIONI ERBOSE CON ORCHIDEE;DA FORAGGIO;PASCOLO MAGRO NON AVVICENDATO PER ALMENO 5 ANNI - PERMANENTE;
461;MOLINIETI - MOLINIA CAERULEA;009;PASCOLO MAGRO NON AVVICENDATO PER ALMENO 5 ANNI - PERMANENTE;461;002;009;000;MOLINIETI - MOLINIA CAERULEA;DA FORAGGIO;PASCOLO MAGRO NON AVVICENDATO PER ALMENO 5 ANNI - PERMANENTE;
462;GUADERELLA o LUTEOLA;000;;462;000;000;000;RESEDA o GUADERELLA o LUTEOLA;;;
463;PINO MUGO;000;;463;000;000;000;PINO MUGO;;;
464;GLICINE;000;;464;000;000;000;GLICINE;;;
464;GLICINE;017;DA VIVAIO - PERMANENTE;464;010;000;000;GLICINE;DA VIVAIO;;
465;KARCADE';000;;465;000;000;000;KARCADE';;;
466;UVA URSINA;000;;466;000;000;000;UVA URSINA;;;
466;UVA URSINA;017;DA VIVAIO - PERMANENTE;466;010;000;000;UVA URSINA;DA VIVAIO;;
467;ACHILLEA;000;;467;000;000;000;ACHILLEA;;;
468;CILIEGIO ACIDO (MARASCA,VISCIOLA,AMARENA);000;;468;000;000;000;CILIEGIO ACIDO (MARASCA,VISCIOLA,AMARENA);;;
468;CILIEGIO ACIDO (MARASCA,VISCIOLA,AMARENA);059;IN FASE DI PIANTUMAZIONE;468;000;059;000;CILIEGIO ACIDO (MARASCA,VISCIOLA,AMARENA);;IN FASE DI PIANTUMAZIONE;
469;OKRA o OCRA o GOMBO  PER LA PRODUZIONE DI SEME;000;;469;008;000;000;OKRA o OCRA o GOMBO;DA SEME;;
471;LOTO (KAKI);000;VARIETA' GENERICA;471;000;000;000;LOTO (KAKI)(compreso il caco mela);;;
471;LOTO (KAKI) (compreso il caco mela);059;IN FASE DI PIANTUMAZIONE;471;000;059;000;LOTO (KAKI)(compreso il caco mela);;IN FASE DI PIANTUMAZIONE;
472;FICO;000;VARIETA' GENERICA;472;000;000;000;FICO;;;
473;LAMPONE;000;VARIETA' GENERICA;473;000;000;000;LAMPONE;;;
474;MORE;000;VARIETA' GENERICA;474;000;000;000;MORE;;;
475;"MIRTILLI ROSSI, MIRTILLI NERI ED ALTRI FRUTTI DEL GENERE ""VACCINIUM""";000;VARIETA' GENERICA;475;000;000;000;"MIRTILLI ROSSI, MIRTILLI NERI ED ALTRI FRUTTI DEL GENERE ""VACCINIUM""";;;
476;NESPOLO;000;VARIETA' GENERICA;476;000;000;000;NESPOLO;;;
477;RIBES NERO;000;VARIETA' GENERICA;477;000;000;000;RIBES NERO;;;
480;RIBES BIANCO;000;;480;000;000;000;RIBES BIANCO (UVA SPINA);;;
481;RIBES ROSSO;000;;481;000;000;000;RIBES ROSSO;;;
482;OKRA o OCRA o GOMBO  DA ORTO;000;;469;007;000;000;OKRA o OCRA o GOMBO;DA ORTO;;
483;CENTELLA;000;;483;000;000;000;CENTELLA;;;
484;CRESCIONE DEI GIARDINI O CRESCIONE INGLESE;000;;484;000;000;000;CRESCIONE DEI GIARDINI O CRESCIONE INGLESE;;;
485;ALLORO;000;;485;000;000;000;ALLORO;;;
485;ALLORO;017;DA VIVAIO - PERMANENTE;485;010;000;000;ALLORO;DA VIVAIO;;
486;CRESCIONE DEI GIARDINI O CRESCIONE INGLESE PER LA PRODUZIONE DI SEME;000;;484;008;000;000;CRESCIONE DEI GIARDINI O CRESCIONE INGLESE;DA SEME;;
487;CANNA DA ZUCCHERO;000;;487;003;000;025;CANNA DA ZUCCHERO;DA INDUSTRIA;;DA ZUCCHERO
488;ECHINACEA PURPUREA;000;;488;000;000;000;ECHINACEA PURPUREA;;;
488;ECHINACEA PURPUREA;063;RADICI;488;000;063;000;ECHINACEA PURPUREA;;RADICI;
489;CIMICIFUGA;000;;489;000;000;000;CIMICIFUGA;;;
491;PIOPPI A ROTAZIONE RAPIDA;000;VARIETA' GENERICA;069;000;000;000;PIOPPO;;;
493;MANDORLO;058;FORESTALE;493;000;058;000;MANDORLO;;FORESTALE;
496;AMARANTO;000;;496;000;000;000;AMARANTO;;;
498;NASTURZIO;000;;498;000;000;000;NASTURZIO;;;
499;PRUGNOLO;000;;499;000;000;000;PRUGNOLO;;;
501;TARTUFO;000;;501;000;000;000;TARTUFO;;;
501;TARTUFO;058;USO FORESTALE;501;000;058;000;TARTUFO;;FORESTALE;
503;VIVAI ORTICOLI;000;;503;010;000;000;VIVAI ORTICOLI;DA VIVAIO;;
503;VIVAI ORTICOLI;171;PIANTE DI ZUCCHINE DA FIORE;503;000;000;171;VIVAI ORTICOLI;;;PIANTE DI ZUCCHINE DA FIORE
503;VIVAI ORTICOLI;172;PIANTE DI FRAGOLA;503;000;000;172;VIVAI ORTICOLI;;;PIANTE DI FRAGOLA
503;VIVAI ORTICOLI;173;DA VIVAIO - PIANTINE DA ORTO STANDARD;503;010;000;173;VIVAI ORTICOLI;DA VIVAIO;;PIANTINE DA ORTO STANDARD
503;VIVAI ORTICOLI;174;DA VIVAIO - PIANTINE DA ORTO IBRIDE;503;010;000;174;VIVAI ORTICOLI;DA VIVAIO;;PIANTINE DA ORTO IBRIDE
505;CAVE DA PIETRA;000;;505;000;000;000;CAVE DA PIETRA;;;
506;ROCCIA;000;;506;000;000;000;ROCCIA;;;
507;PIANTE AROMATICHE E MEDICINALI E SPEZIE;000;;507;000;000;000;PIANTE AROMATICHE E MEDICINALI E SPEZIE;;;
508;PORTULACA o PORCELLANA COMUNE;000;;508;000;000;000;PORTULACA o PORCELLANA COMUNE;;;
509;SOIA - DA ORTO;000;;004;007;000;000;SOIA;DA ORTO;;
510;SOIA PER LA PRODUZIONE DI SEME;000;;004;008;000;000;SOIA;DA SEME;;
511;AZALEA;000;;511;010;000;000;AZALEA;DA VIVAIO;;
511;AZALEA;001;;511;000;000;000;AZALEA;;;
511;AZALEA;007;COLTURA IN VASO - PIANTE FIORITE;511;010;029;000;AZALEA;DA VIVAIO;COLTURA IN VASO - PIANTE FIORITE;
512;FICUS BENJAMINA;000;;512;010;000;000;FICUS BENJAMINA;DA VIVAIO;;
512;FICUS BENJAMINA;001;;512;000;000;000;FICUS BENJAMINA;;;
512;FICUS BENJAMINA;006;COLTURA IN VASO - PIANTE VERDI;512;010;030;000;FICUS BENJAMINA;DA VIVAIO;COLTURA IN VASO - PIANTE VERDI;
513;DRACAENA (DRACENA);000;;513;010;000;000;DRACAENA (DRACENA);DA VIVAIO;;
513;DRACAENA (DRACENA);001;;513;000;000;000;DRACAENA (DRACENA);;;
513;DRACAENA (DRACENA);006;COLTURA IN VASO - PIANTE VERDI;513;010;030;000;DRACAENA (DRACENA);DA VIVAIO;COLTURA IN VASO - PIANTE VERDI;
514;ALBERI DA BOSCO A BREVE ROTAZIONE, CON UN PERIODO DI COLTIVAZIONE MASSIMO DI 20 ANNI;001;ARBORICOLTURA DA LEGNO A CICLO MEDIO LUNGO (> 15 ANNI);500;004;000;015;ARBORICOLTURA;DA LEGNO;;CICLO MEDIO LUNGO (TRA 15 E 20 ANNI)
514;ALBERI DA BOSCO A BREVE ROTAZIONE, CON UN PERIODO DI COLTIVAZIONE MASSIMO DI 20 ANNI;002;ARBORICOLTURA DA LEGNO A CICLO BREVE (< 15 ANNI);500;004;000;013;ARBORICOLTURA;DA LEGNO;;CICLO BREVE (FINO A 15 ANNI)
514;ALBERI DA BOSCO A BREVE ROTAZIONE, CON UN PERIODO DI COLTIVAZIONE MASSIMO DI 20 ANNI;003;CEDUI A CICLO BREVE (1-2 ANNI) E MEDIO (4-6 ANNI) CON DURATA COMUNQUE < 15 ANNI;500;004;000;014;ARBORICOLTURA;DA LEGNO;;CEDUI A CICLO BREVISSSIMO (1-2 ANNI) E BREVE (4-6 ANNI) CON DURATA COMUNQUE < 15 ANNI
515;YUCCA (ALBERO DI GIOSUE');000;;515;010;000;000;YUCCA (ALBERO DI GIOSUE');DA VIVAIO;;
515;YUCCA (ALBERO DI GIOSUE');001;;515;000;000;000;YUCCA (ALBERO DI GIOSUE');;;
515;YUCCA (ALBERO DI GIOSUE');007;COLTURA IN VASO - PIANTE FIORITE;515;010;029;000;YUCCA (ALBERO DI GIOSUE');DA VIVAIO;COLTURA IN VASO - PIANTE FIORITE;
521;HOYA;000;;521;010;000;000;HOYA;DA VIVAIO;;
521;HOYA;001;;521;000;000;000;HOYA;;;
521;HOYA;007;COLTURA IN VASO - PIANTE FIORITE;521;010;029;000;HOYA;DA VIVAIO;COLTURA IN VASO - PIANTE FIORITE;
524;CAMELIA;001;;524;000;000;000;CAMELIA;;;
525;PRIMULA;000;;525;010;000;000;PRIMULA;DA VIVAIO;;
525;PRIMULA;002;;525;000;000;000;PRIMULA;;;
525;PRIMULA;007;COLTURA IN VASO - PIANTE FIORITE;525;010;029;000;PRIMULA;DA VIVAIO;COLTURA IN VASO - PIANTE FIORITE;
526;CISSUS;000;;526;010;000;000;CISSUS;DA VIVAIO;;
526;CISSUS;001;;526;000;000;000;CISSUS;;;
526;CISSUS;007;COLTURA IN VASO - PIANTE FIORITE;526;010;029;000;CISSUS;DA VIVAIO;COLTURA IN VASO - PIANTE FIORITE;
529;IMPATIENS;000;;529;010;000;000;IMPATIENS;DA VIVAIO;;
529;IMPATIENS;001;;529;000;000;000;IMPATIENS;;;
529;IMPATIENS;002;FRONDE FIORITE;529;010;026;000;IMPATIENS;DA VIVAIO;FRONDE FIORITE;
532;SAINTPAULIA;000;;532;010;000;000;SAINTPAULIA;DA VIVAIO;;
532;SAINTPAULIA;001;;532;000;000;000;SAINTPAULIA;;;
532;SAINTPAULIA;007;COLTURA IN VASO - PIANTE FIORITE;532;010;029;000;SAINTPAULIA;DA VIVAIO;COLTURA IN VASO - PIANTE FIORITE;
533;AVENA - DA GRANELLA;000;VARIETA' GENERICA;533;011;000;000;AVENA;FAVE, SEMI, GRANELLA;;
533;AVENA - DA GRANELLA;500;USO ENERGETICO;533;011;000;022;AVENA;FAVE, SEMI, GRANELLA;;ENERGETICO
534;CICLAMINO;000;;534;010;000;000;CICLAMINO;DA VIVAIO;;
534;CICLAMINO;001;;534;000;000;000;CICLAMINO;;;
534;CICLAMINO;007;COLTURA IN VASO - PIANTE FIORITE;534;010;029;000;CICLAMINO;DA VIVAIO;COLTURA IN VASO - PIANTE FIORITE;
535;GERANIO;000;;535;010;000;000;GERANIO;DA VIVAIO;;
535;GERANIO;001;;535;000;000;000;GERANIO;;;
535;GERANIO;007;COLTURA IN VASO - PIANTE FIORITE;535;010;029;000;GERANIO;DA VIVAIO;COLTURA IN VASO - PIANTE FIORITE;
536;BEGONIA;000;;536;010;000;000;BEGONIA;DA VIVAIO;;
536;BEGONIA;001;;536;000;000;000;BEGONIA;;;
536;BEGONIA;007;COLTURA IN VASO - PIANTE FIORITE;536;010;029;000;BEGONIA;DA VIVAIO;COLTURA IN VASO - PIANTE FIORITE;
537;AVENA - DA FORAGGIO;053;ERBAIO IN PUREZZA, ANNUALE - NON PERMANENTE;533;002;053;045;AVENA;DA FORAGGIO;ERBAIO IN PUREZZA, ANNUALE - NON PERMANENTE;DI GRAMINACEE
537;AVENA - DA FORAGGIO;500;USO ENERGETICO;533;002;000;022;AVENA;DA FORAGGIO;;ENERGETICO
538;KALANCHOE;000;;538;010;000;000;KALANCHOE;DA VIVAIO;;
538;KALANCHOE;001;;538;000;000;000;KALANCHOE;;;
538;KALANCHOE;007;COLTURA IN VASO - PIANTE FIORITE;538;010;029;000;KALANCHOE;DA VIVAIO;COLTURA IN VASO - PIANTE FIORITE;
539;CARTAMO;000;VARIETA' GENERICA;539;000;000;000;CARTAMO;;;
540;GYPSOPHILA;000;;540;010;000;000;GYPSOPHILA;DA VIVAIO;;
540;GYPSOPHILA;001;;540;000;000;000;GYPSOPHILA;;;
540;GYPSOPHILA;002;FRONDE FIORITE;540;010;026;000;GYPSOPHILA;DA VIVAIO;FRONDE FIORITE;
541;MIZUNA O BRASSICA RAPA;000;;541;007;000;000;MIZUNA O BRASSICA RAPA;DA ORTO;;
542;CASTAGNO;000;VARIETA' GENERICA;492;005;000;000;CASTAGNO;DA MENSA;;
542;CASTAGNO DA MENSA;049;MICORRIZATO;492;005;000;049;CASTAGNO;DA MENSA;;MICORRIZATO
543;CARDIACA;000;;543;000;000;000;CARDIACA;;;
544;CECI;000;VARIETA' GENERICA;544;011;000;000;CECE;FAVE, SEMI, GRANELLA;;
545;CHENOPODIUM QUINOA;000;;545;000;000;000;CHENOPODIUM QUINOA;;;
546;ERISMO;000;;546;000;000;000;ERISMO;;;
547;REGINA DELLE ALPI;000;;547;000;000;000;REGINA DELLE ALPI;;;
548;CICORIA - RADICI DI CICORIA;000;VARIETA' GENERICA;919;003;000;000;CICORIA;DA INDUSTRIA;;
549;STELLA ALPINA;000;;549;000;000;000;STELLA ALPINA;;;
550;GENZIANA;000;;550;000;000;000;GENZIANA;;;
551;VIVAI FLORICOLI;000;VARIETA' GENERICA;551;010;000;000;VIVAI FLORICOLI /ORNAMENTALI;DA VIVAIO;;
551;VIVAI FLORICOLI /ORNAMENTALI;010;DA VIVAIO - PIENO CAMPO - PIANTE ORNAMENTALI;551;010;061;177;VIVAI FLORICOLI /ORNAMENTALI;DA VIVAIO;PIENO CAMPO;PIANTE ORNAMENTALI
551;VIVAI FLORICOLI /ORNAMENTALI;023;DA VIVAIO - FIORE RECISO;551;010;023;000;VIVAI FLORICOLI /ORNAMENTALI;DA VIVAIO;FIORE RECISO;
551;VIVAI FLORICOLI /ORNAMENTALI;024;DA VIVAIO - FOGLIE;551;010;024;000;VIVAI FLORICOLI /ORNAMENTALI;DA VIVAIO;FOGLIE;
551;VIVAI FLORICOLI /ORNAMENTALI;025;DA VIVAIO - FRONDE E BACCHE;551;010;025;000;VIVAI FLORICOLI /ORNAMENTALI;DA VIVAIO;FRONDE E BACCHE;
551;VIVAI FLORICOLI /ORNAMENTALI;026;DA VIVAIO - FRONDE FIORITE;551;010;026;000;VIVAI FLORICOLI /ORNAMENTALI;DA VIVAIO;FRONDE FIORITE;
551;VIVAI FLORICOLI /ORNAMENTALI;027;DA VIVAIO - FRONDE VERDI;551;010;027;000;VIVAI FLORICOLI /ORNAMENTALI;DA VIVAIO;FRONDE VERDI;
551;VIVAI FLORICOLI /ORNAMENTALI;175;DA VIVAIO - COLTURA IN VASO - ERBACEE PERENNI;551;010;028;175;VIVAI FLORICOLI /ORNAMENTALI;DA VIVAIO;COLTURA IN VASO;ERBACEE PERENNI
551;VIVAI FLORICOLI /ORNAMENTALI;176;DA VIVAIO - COLTURA IN VASO - PIANTE DA FIORE;551;010;028;176;VIVAI FLORICOLI /ORNAMENTALI;DA VIVAIO;COLTURA IN VASO;PIANTE DA FIORE
551;VIVAI FLORICOLI /ORNAMENTALI;177;DA VIVAIO - PIENO CAMPO - PIANTE DA FIORE;551;010;061;176;VIVAI FLORICOLI /ORNAMENTALI;DA VIVAIO;PIENO CAMPO;PIANTE DA FIORE
552;VIVAI FRUTTICOLI;000;VARIETA' GENERICA;552;010;000;000;VIVAI FRUTTICOLI COMPRESE LE PIANTE DA BACCHE;DA VIVAIO;;
552;VIVAI FRUTTICOLI COMPRESE LE PIANTE DA BACCHE;178;DA VIVAIO - PIANTE DI NOCCIOLO;552;010;000;178;VIVAI FRUTTICOLI COMPRESE LE PIANTE DA BACCHE;DA VIVAIO;;PIANTE DI NOCCIOLO
552;VIVAI FRUTTICOLI COMPRESE LE PIANTE DA BACCHE;179;DA VIVAIO - PIANTE DI NOCE;552;010;000;179;VIVAI FRUTTICOLI COMPRESE LE PIANTE DA BACCHE;DA VIVAIO;;PIANTE DI NOCE
552;VIVAI FRUTTICOLI COMPRESE LE PIANTE DA BACCHE;180;DA VIVAIO - PORTAINNESTI DI POMACEE;552;010;000;180;VIVAI FRUTTICOLI COMPRESE LE PIANTE DA BACCHE;DA VIVAIO;;PORTAINNESTI DI POMACEE
552;VIVAI FRUTTICOLI COMPRESE LE PIANTE DA BACCHE;181;DA VIVAIO - PORTAINNESTI DI DRUPACEE;552;010;000;181;VIVAI FRUTTICOLI COMPRESE LE PIANTE DA BACCHE;DA VIVAIO;;PORTAINNESTI DI DRUPACEE
552;VIVAI FRUTTICOLI COMPRESE LE PIANTE DA BACCHE;182;DA VIVAIO - PIANTE DA FRUTTO KAKI;552;010;000;182;VIVAI FRUTTICOLI COMPRESE LE PIANTE DA BACCHE;DA VIVAIO;;PIANTE DA FRUTTO KAKI
552;VIVAI FRUTTICOLI COMPRESE LE PIANTE DA BACCHE;183;DA VIVAIO - PIANTE DA FRUTTO POMACEE;552;010;000;183;VIVAI FRUTTICOLI COMPRESE LE PIANTE DA BACCHE;DA VIVAIO;;PIANTE DA FRUTTO POMACEE
552;VIVAI FRUTTICOLI COMPRESE LE PIANTE DA BACCHE;184;DA VIVAIO - PIANTE DA FRUTTO DRUPACEE;552;010;000;184;VIVAI FRUTTICOLI COMPRESE LE PIANTE DA BACCHE;DA VIVAIO;;PIANTE DA FRUTTO DRUPACEE
552;VIVAI FRUTTICOLI COMPRESE LE PIANTE DA BACCHE;185;DA VIVAIO - PIANTE DA FRUTTO FICO;552;010;000;185;VIVAI FRUTTICOLI COMPRESE LE PIANTE DA BACCHE;DA VIVAIO;;PIANTE DA FRUTTO FICO
552;VIVAI FRUTTICOLI COMPRESE LE PIANTE DA BACCHE;186;DA VIVAIO - PIANTE DA FRUTTO AGRUMI;552;010;000;186;VIVAI FRUTTICOLI COMPRESE LE PIANTE DA BACCHE;DA VIVAIO;;PIANTE DA FRUTTO AGRUMI
552;VIVAI FRUTTICOLI COMPRESE LE PIANTE DA BACCHE;187;DA VIVAIO - PIANTE DA FRUTTO ACTINIDIA;552;010;000;187;VIVAI FRUTTICOLI COMPRESE LE PIANTE DA BACCHE;DA VIVAIO;;PIANTE DA FRUTTO ACTINIDIA
552;VIVAI FRUTTICOLI COMPRESE LE PIANTE DA BACCHE;188;DA VIVAIO - PIANTE DA FRUTTO CASTAGNO;552;010;000;188;VIVAI FRUTTICOLI COMPRESE LE PIANTE DA BACCHE;DA VIVAIO;;PIANTE DA FRUTTO CASTAGNO
553;VIVAI VITICOLI;000;VARIETA' GENERICA;553;010;000;000;VIVAI VITICOLI E VITI MADRI DI PORTAINNESTI;DA VIVAIO;;
553;VIVAI VITICOLI E VITI MADRI DI PORTAINNESTI;031;DA VIVAIO - SELVATICO DA INNESTARE DESTINATO A UVA DA TAVOLA;553;010;031;000;VIVAI VITICOLI E VITI MADRI DI PORTAINNESTI;DA VIVAIO;SELVATICO DA INNESTARE DESTINATO A UVA DA TAVOLA;
553;VIVAI VITICOLI E VITI MADRI DI PORTAINNESTI;032;DA VIVAIO - PIANTE MADRE DI PORTAINNESTI;553;010;032;000;VIVAI VITICOLI E VITI MADRI DI PORTAINNESTI;DA VIVAIO;PIANTE MADRE DI PORTAINNESTI;
553;VIVAI VITICOLI E VITI MADRI DI PORTAINNESTI;033;DA VIVAIO - BARBATELLE DA INNESTARE;553;010;033;000;VIVAI VITICOLI E VITI MADRI DI PORTAINNESTI;DA VIVAIO;BARBATELLE DA INNESTARE;
553;VIVAI VITICOLI E VITI MADRI DI PORTAINNESTI;034;DA VIVAIO - BARBATELLE INNESTATE;553;010;034;000;VIVAI VITICOLI E VITI MADRI DI PORTAINNESTI;DA VIVAIO;BARBATELLE INNESTATE;
553;VIVAI VITICOLI E VITI MADRI DI PORTAINNESTI;035;DA VIVAIO - PIANTE MADRI PER MARZE;553;010;035;000;VIVAI VITICOLI E VITI MADRI DI PORTAINNESTI;DA VIVAIO;PIANTE MADRI PER MARZE;
553;VIVAI VITICOLI E VITI MADRI DI PORTAINNESTI;036;DA VIVAIO - SELVATICO DA INNESTARE DESTINATO A VINO;553;010;036;000;VIVAI VITICOLI E VITI MADRI DI PORTAINNESTI;DA VIVAIO;SELVATICO DA INNESTARE DESTINATO A VINO;
553;VIVAI VITICOLI E VITI MADRI DI PORTAINNESTI;037;DA VIVAIO - SELVATICO DA INNESTARE DESTINATO A UVA DA TAVOLA - DA CONSERVAZIONE;553;010;031;004;VIVAI VITICOLI E VITI MADRI DI PORTAINNESTI;DA VIVAIO;SELVATICO DA INNESTARE DESTINATO A UVA DA TAVOLA;DA CONSERVAZIONE
553;VIVAI VITICOLI E VITI MADRI DI PORTAINNESTI;038;DA VIVAIO - PIANTE MADRE DI PORTAINNESTI - DA CONSERVAZIONE;553;010;032;004;VIVAI VITICOLI E VITI MADRI DI PORTAINNESTI;DA VIVAIO;PIANTE MADRE DI PORTAINNESTI;DA CONSERVAZIONE
553;VIVAI VITICOLI E VITI MADRI DI PORTAINNESTI;039;DA VIVAIO - BARBATELLE DA INNESTARE - DA CONSERVAZIONE;553;010;033;004;VIVAI VITICOLI E VITI MADRI DI PORTAINNESTI;DA VIVAIO;BARBATELLE DA INNESTARE;DA CONSERVAZIONE
553;VIVAI VITICOLI E VITI MADRI DI PORTAINNESTI;040;DA VIVAIO - BARBATELLE INNESTATE - DA CONSERVAZIONE;553;010;034;004;VIVAI VITICOLI E VITI MADRI DI PORTAINNESTI;DA VIVAIO;BARBATELLE INNESTATE;DA CONSERVAZIONE
553;VIVAI VITICOLI E VITI MADRI DI PORTAINNESTI;041;DA VIVAIO - PIANTE MADRI PER MARZE - DA CONSERVAZIONE;553;010;035;004;VIVAI VITICOLI E VITI MADRI DI PORTAINNESTI;DA VIVAIO;PIANTE MADRI PER MARZE;DA CONSERVAZIONE
553;VIVAI VITICOLI E VITI MADRI DI PORTAINNESTI;042;DA VIVAIO - SELVATICO DA INNESTARE DESTINATO A VINO - DA CONSERVAZIONE;553;010;036;004;VIVAI VITICOLI E VITI MADRI DI PORTAINNESTI;DA VIVAIO;SELVATICO DA INNESTARE DESTINATO A VINO;DA CONSERVAZIONE
554;VIVAI OLIVICOLI;000;VARIETA' GENERICA;554;010;000;000;VIVAI OLIVICOLI;DA VIVAIO;;
554;VIVAI OLIVICOLI;028;DA VIVAIO - COLTURA IN VASO;554;010;028;000;VIVAI OLIVICOLI;DA VIVAIO;COLTURA IN VASO;
555;VIVAI FORESTALI;000;VARIETA' GENERICA;555;010;000;000;VIVAI FORESTALI COMMERCIALI COMPRESI ALBERI DI NATALE ESCLUSI VIVAI FORESTALI SITUATI IN FORESTA E DESTINATI AL FABBISOGNO DELL'AZIENDA;DA VIVAIO;;
555;VIVAI FORESTALI COMMERCIALI COMPRESI ALBERI DI NATALE ESCLUSI VIVAI FORESTALI SITUATI IN FORESTA E DESTINATI AL FABBISOGNO DELL'AZIENDA;189;DA VIVAIO - PIANTE DI PIOPPO;555;010;000;189;VIVAI FORESTALI COMMERCIALI COMPRESI ALBERI DI NATALE ESCLUSI VIVAI FORESTALI SITUATI IN FORESTA E DESTINATI AL FABBISOGNO DELL'AZIENDA;DA VIVAIO;;PIANTE DI PIOPPO
556;VIVAI - ALTRI;061;SENZA INTERAZIONE DELLE RADICI CON IL TERRENO SOTTOSTANTE;556;010;060;000;VIVAI - ALTRI;DA VIVAIO;SENZA INTERAZIONE DELLE RADICI CON IL TERRENO SOTTOSTANTE;NON QUALIFICATO
558;BUDDLEJA;000;;558;000;000;000;BUDDLEJA;;;
562;ERBA MEDICA - DA FORAGGIO;054;PRATO PASCOLO IN PUREZZA AVVICENDATO  - NON PERMANENTE;562;002;054;043;ERBA MEDICA;DA FORAGGIO;PRATO PASCOLO IN PUREZZA AVVICENDATO  - NON PERMANENTE;DI LEGUMINOSE
562;ERBA MEDICA - DA FORAGGIO;055;PRATO PASCOLO IN PUREZZA  NON AVVICENDATO PER ALMENO 5 ANNI - PERMANENTE;562;002;055;043;ERBA MEDICA;DA FORAGGIO;PRATO PASCOLO IN PUREZZA  NON AVVICENDATO PER ALMENO 5 ANNI - PERMANENTE;DI LEGUMINOSE
565;MIZUNA O BRASSICA RAPA DA SEME;000;;541;008;000;000;MIZUNA O BRASSICA RAPA;DA SEME;;
566;RUCOLA-IV GAMMA;000;;167;444;000;000;RUCOLA;IV GAMMA;;
567;LATTUGA LATTUGHINO-IV GAMMA;000;;127;444;000;000;LATTUGA LATTUGHINO;IV GAMMA;;
568;DOLCETTA (GALLINELLA, SONCINO, VALERIANELLA) - IV GAMMA;000;;169;444;000;000;DOLCETTA (GALLINELLA, SONCINO, VALERIANELLA);IV GAMMA;;
569;BIETOLA (Compresa  la CHELTENHAM BEET, BARBABIETOLA ROSSA/BIETOLA DA COSTA) - IV GAMMA;000;;024;444;000;000;BIETOLA (Compresa  la CHELTENHAM BEET, BARBABIETOLA ROSSA/BIETOLA DA COSTA);IV GAMMA;;
570;CAVOLO - IV GAMMA;000;;028;444;000;000;CAVOLO;IV GAMMA;;
572;BROCCOLETTO DI RAPA - IV GAMMA;000;;117;444;000;000;BROCCOLETTO O CIME DI RAPA;IV GAMMA;;
573;CICORIA - IV GAMMA;000;;919;444;000;000;CICORIA;IV GAMMA;;
576;RADICCHIO - IV GAMMA;000;;935;444;000;000;RADICCHIO;IV GAMMA;;
578;FRUMENTO SEGALATO - DA FORAGGIO;053;ERBAIO IN PUREZZA, ANNUALE - NON PERMANENTE;578;002;053;045;FRUMENTO SEGALATO;DA FORAGGIO;ERBAIO IN PUREZZA, ANNUALE - NON PERMANENTE;DI GRAMINACEE
579;SPINACIO - IV GAMMA;000;;939;444;000;000;SPINACIO;IV GAMMA;;
580;CRESCIONE DEI GIARDINI O CRESCIONE INGLESE - IV GAMMA;000;;484;444;000;000;CRESCIONE DEI GIARDINI O CRESCIONE INGLESE;IV GAMMA;;
581;GINESTRINO;053;ERBAIO IN PUREZZA, ANNUALE - NON PERMANENTE;581;002;053;043;GINESTRINO;DA FORAGGIO;ERBAIO IN PUREZZA, ANNUALE - NON PERMANENTE;DI LEGUMINOSE
581;GINESTRINO;054;PRATO PASCOLO IN PUREZZA AVVICENDATO  - NON PERMANENTE;581;002;054;043;GINESTRINO;DA FORAGGIO;PRATO PASCOLO IN PUREZZA AVVICENDATO  - NON PERMANENTE;DI LEGUMINOSE
581;GINESTRINO;055;PRATO PASCOLO IN PUREZZA  NON AVVICENDATO PER ALMENO 5 ANNI - PERMANENTE;581;002;055;043;GINESTRINO;DA FORAGGIO;PRATO PASCOLO IN PUREZZA  NON AVVICENDATO PER ALMENO 5 ANNI - PERMANENTE;DI LEGUMINOSE
582;SENAPE - IV GAMMA;000;;077;444;000;000;SENAPE;IV GAMMA;;
583;CAVOLO CINESE - IV GAMMA;000;;270;444;000;000;CAVOLO CINESE;IV GAMMA;;
584;SENAPE BRUNA - IV GAMMA;000;;436;444;000;000;SENAPE BRUNA;IV GAMMA;;
585;SENAPE NERA - IV GAMMA;000;;438;444;000;000;SENAPE NERA;IV GAMMA;;
586;GIRASOLE - DA FORAGGIO;000;;005;002;000;000;GIRASOLE;DA FORAGGIO;;
587;GRANO (FRUMENTO) TENERO;000;VARIETA' GENERICA;587;011;000;000;GRANO (FRUMENTO) TENERO;FAVE, SEMI, GRANELLA;;
587;GRANO (FRUMENTO) TENERO;500;USO ENERGETICO;587;011;000;022;GRANO (FRUMENTO) TENERO;FAVE, SEMI, GRANELLA;;ENERGETICO
588;GRANO (FRUMENTO) TENERO;000;DA FORAGGIO;587;002;000;000;GRANO (FRUMENTO) TENERO;DA FORAGGIO;;
588;GRANO (FRUMENTO) TENERO;010;DA FORAGGIO - INSILATO;587;002;010;000;GRANO (FRUMENTO) TENERO;DA FORAGGIO;INSILATO;
588;GRANO (FRUMENTO) TENERO - DA FORAGGIO;053;ERBAIO IN PUREZZA, ANNUALE - NON PERMANENTE;587;002;053;045;GRANO (FRUMENTO) TENERO;DA FORAGGIO;ERBAIO IN PUREZZA, ANNUALE - NON PERMANENTE;DI GRAMINACEE
588;GRANO (FRUMENTO) TENERO - DA FORAGGIO;500;USO ENERGETICO;587;002;000;022;GRANO (FRUMENTO) TENERO;DA FORAGGIO;;ENERGETICO
589;CAVOLO RAPA - IV GAMMA;000;;954;444;000;000;CAVOLO RAPA;IV GAMMA;;
593;CERRO;000;;593;000;000;000;CERRO;;;
593;CERRO;049;MICORRIZATO;593;000;000;049;CERRO;;;MICORRIZATO
594;GRANO (FRUMENTO) DURO - DA FORAGGIO;053;ERBAIO IN PUREZZA, ANNUALE - NON PERMANENTE;002;002;053;045;GRANO (FRUMENTO) DURO;DA FORAGGIO;ERBAIO IN PUREZZA, ANNUALE - NON PERMANENTE;DI GRAMINACEE
594;GRANO (FRUMENTO) DURO - DA FORAGGIO;500;USO ENERGETICO;002;002;000;022;GRANO (FRUMENTO) DURO;DA FORAGGIO;;ENERGETICO
597;GRANO SARACENO;000;VARIETA' GENERICA;597;011;000;000;GRANO SARACENO;FAVE, SEMI, GRANELLA;;
597;GRANO SARACENO;500;USO ENERGETICO;597;011;000;022;GRANO SARACENO;FAVE, SEMI, GRANELLA;;ENERGETICO
599;GRANO SARACENO - DA FORAGGIO;053;ERBAIO IN PUREZZA, ANNUALE - NON PERMANENTE;597;002;053;000;GRANO SARACENO;DA FORAGGIO;ERBAIO IN PUREZZA, ANNUALE - NON PERMANENTE;
599;GRANO SARACENO - DA FORAGGIO;500;USO ENERGETICO;597;002;000;022;GRANO SARACENO;DA FORAGGIO;;ENERGETICO
600;PRATO PASCOLO DI LEGUMINOSE;051;AVVICENDATO - NON PERMANENTE;899;002;051;043;PRATO PASCOLO;DA FORAGGIO;AVVICENDATO - NON PERMANENTE;DI LEGUMINOSE
600;PRATO PASCOLO DI LEGUMINOSE;052;NON AVVICENDATO PER ALMENO 5 ANNI (SFALCIATO) - PERMANENTE;899;002;052;043;PRATO PASCOLO;DA FORAGGIO;NON AVVICENDATO PER ALMENO 5 ANNI - PERMANENTE;DI LEGUMINOSE
603;GRANTURCO (MAIS) DOLCE;000;VARIETA' GENERICA;001;011;000;018;GRANTURCO (MAIS);FAVE, SEMI, GRANELLA;;DOLCE
604;GRANTURCO (MAIS) - DA FORAGGIO;053;ERBAIO IN PUREZZA, ANNUALE - NON PERMANENTE;001;002;053;045;GRANTURCO (MAIS);DA FORAGGIO;ERBAIO IN PUREZZA, ANNUALE - NON PERMANENTE;DI GRAMINACEE
604;GRANTURCO (MAIS);065;DA FORAGGIO - PASTONE INTEGRALE;001;002;000;065;GRANTURCO (MAIS);DA FORAGGIO;;PASTONE INTEGRALE
604;GRANTURCO (MAIS) - DA FORAGGIO;500;USO ENERGETICO;001;002;000;022;GRANTURCO (MAIS);DA FORAGGIO;;ENERGETICO
606;FARNETTO;000;;606;000;000;000;FARNETTO;;;
609;LINO - DA FORAGGIO;000;;055;002;000;000;LINO;DA FORAGGIO;;
610;LINO - SEMI;000;VARIETA' GENERICA;055;011;000;000;LINO;FAVE, SEMI, GRANELLA;;
610;LINO - SEMI;500;USO ENERGETICO;055;011;000;022;LINO;FAVE, SEMI, GRANELLA;;ENERGETICO
612;LUPINELLA - DA FORAGGIO;054;PRATO PASCOLO IN PUREZZA AVVICENDATO  - NON PERMANENTE;612;002;054;043;LUPINELLA;DA FORAGGIO;PRATO PASCOLO IN PUREZZA AVVICENDATO  - NON PERMANENTE;DI LEGUMINOSE
612;LUPINELLA - DA FORAGGIO;055;PRATO PASCOLO IN PUREZZA  NON AVVICENDATO PER ALMENO 5 ANNI - PERMANENTE;612;002;055;043;LUPINELLA;DA FORAGGIO;PRATO PASCOLO IN PUREZZA  NON AVVICENDATO PER ALMENO 5 ANNI - PERMANENTE;DI LEGUMINOSE
614;PINO LORICATO;000;;614;000;000;000;PINO LORICATO;;;
615;LUPINO - DA FORAGGIO;053;ERBAIO IN PUREZZA, ANNUALE - NON PERMANENTE;615;002;053;043;LUPINO;DA FORAGGIO;ERBAIO IN PUREZZA, ANNUALE - NON PERMANENTE;DI LEGUMINOSE
618;LUPINI - SEMI DI LUPINI DOLCI;000;VARIETA' GENERICA;615;011;000;018;LUPINO;FAVE, SEMI, GRANELLA;;DOLCE
619;COLTIVAZIONI ARBOREE PERMANENTI SOGGETTE A DIVIETO DI FERTILIZZAZIONE E DI TRATTAMENTO FITOSANITARIO  LUNGO I CORSI D’ACQUA;000;;619;000;000;000;COLTIVAZIONI ARBOREE PERMANENTI SOGGETTE A DIVIETO DI FERTILIZZAZIONE E DI TRATTAMENTO FITOSANITARIO  LUNGO I CORSI DÆACQUA;;;
620;GIRASOLE PER LA PRODUZIONE DI SEME;011;IBRIDI;005;008;000;029;GIRASOLE;DA SEME;;IBRIDI
621;CAVOLFIORE PER LA PRODUZIONE DI SEME;011;IBRIDI;118;008;000;029;CAVOLFIORE;DA SEME;;IBRIDI
622;MELILOTO;000;;622;000;000;000;MELILOTO;;;
623;PORRO PER LA PRODUZIONE DI SEME;011;IBRIDI;135;008;000;029;PORRO;DA SEME;;IBRIDI
624;MIGLIO;000;VARIETA' GENERICA;624;011;000;000;MIGLIO;FAVE, SEMI, GRANELLA;;
625;MIGLIO - DA FORAGGIO;053;ERBAIO IN PUREZZA, ANNUALE - NON PERMANENTE;624;002;053;045;MIGLIO;DA FORAGGIO;ERBAIO IN PUREZZA, ANNUALE - NON PERMANENTE;DI GRAMINACEE
626;CIPOLLETTA  CIPOLLA D'INVERNO O BUNCHING ONION;011;IBRIDI;219;008;000;029;CIPOLLETTA  CIPOLLA D'INVERNO O BUNCHING ONION;DA SEME;;IBRIDI
627;CAVOLO CINESE PER LA PRODUZIONE DI SEME;011;IBRIDI;270;008;000;029;CAVOLO CINESE;DA SEME;;IBRIDI
628;ORZO PER LA PRODUZIONE DI SEME;011;IBRIDI;870;008;000;029;ORZO;DA SEME;;IBRIDI
629;ORTI FAMILIARI;000;VARIETA' GENERICA;629;007;000;000;ORTI FAMILIARI;DA ORTO;;
630;ARACHIDI;000;VARIETA' GENERICA;630;000;000;000;ARACHIDE;;;
631;CETRIOLO PER LA PRODUZIONE DI SEME;011;IBRIDI;917;008;000;029;CETRIOLO;DA SEME;;IBRIDI
632;CICORIA PER LA PRODUZIONE DI SEME;011;IBRIDI;919;008;000;029;CICORIA;DA SEME;;IBRIDI
633;FINOCCHIO PER LA PRODUZIONE DI SEME;011;IBRIDI;926;008;000;029;FINOCCHIO;DA SEME;;IBRIDI
634;RADICCHIO PER LA PRODUZIONE DI SEME;011;IBRIDI;935;008;000;029;RADICCHIO;DA SEME;;IBRIDI
635;RAVANELLO PER LA PRODUZIONE DI SEME;011;IBRIDI;936;008;000;029;RAVANELLO;DA SEME;;IBRIDI
636;ZUCCHINO PER LA PRODUZIONE DI SEME;011;IBRIDI;941;008;000;029;ZUCCHINO;DA SEME;;IBRIDI
649;CAVOLO RAPA DA SEME;011;IBRIDI;954;008;000;029;CAVOLO RAPA;DA SEME;;IBRIDI
651;PISELLI - DA FORAGGIO;053;ERBAIO IN PUREZZA, ANNUALE - NON PERMANENTE;020;002;053;043;PISELLO;DA FORAGGIO;ERBAIO IN PUREZZA, ANNUALE - NON PERMANENTE;DI LEGUMINOSE
652;PISELLI ALLO STATO FRESCO;000;VARIETA' GENERICA;020;003;000;000;PISELLO;DA INDUSTRIA;;
653;ARUNDO DONAX;000;VARIETA' GENERICA;653;000;000;000;ARUNDO DONAX;;;
653;ARUNDO DONAX;500;USO ENERGETICO;653;000;000;022;ARUNDO DONAX;;;ENERGETICO
654;KENAF;000;;654;000;000;000;KENAF;;;
654;KENAF;500;USO ENERGETICO;654;000;000;022;KENAF;;;ENERGETICO
655;CRAMBE;000;;617;000;000;000;CRAMBE;;;
656;POMODORINO DA DESTINARE ALLA TRASFORMAZIONE;000;VARIETA' GENERICA;656;003;000;000;POMODORINO;DA INDUSTRIA;;
656;POMODORINO;065;DA INDUSTRIA - DA CONCENTRATO;656;003;065;000;POMODORINO;DA INDUSTRIA;DA CONCENTRATO;
656;POMODORINO;066;DA INDUSTRIA - DA PELATO;656;003;066;000;POMODORINO;DA INDUSTRIA;DA PELATO;
657;POMODORINO DA MENSA;000;;656;005;000;000;POMODORINO;DA MENSA;;
658;POMODORO;065;DA INDUSTRIA - DA CONCENTRATO - ALLUNGATO;134;003;065;001;POMODORO;DA INDUSTRIA;DA CONCENTRATO;ALLUNGATO
658;POMODORO;066;DA INDUSTRIA - DA PELATO - ALLUNGATO;134;003;066;001;POMODORO;DA INDUSTRIA;DA PELATO;ALLUNGATO
659;POMODORO;065;DA INDUSTRIA - DA CONCENTRATO - TONDO;134;003;065;003;POMODORO;DA INDUSTRIA;DA CONCENTRATO;TONDO
659;POMODORO;066;DA INDUSTRIA - DA PELATO - TONDO;134;003;066;003;POMODORO;DA INDUSTRIA;DA PELATO;TONDO
661;COTOGNO;000;VARIETA' GENERICA;661;000;000;000;COTOGNO;;;
662;COTONE;000;VARIETA' GENERICA;662;000;000;000;COTONE;;;
663;CAVOLO BROCCOLO PER LA PRODUZIONE DI SEME;011;IBRIDI;970;008;000;029;CAVOLO BROCCOLO;DA SEME;;IBRIDI
664;POMODORO ALLUNGATO DA MENSA;000;VARIETA' GENERICA;134;005;000;001;POMODORO;DA MENSA;;ALLUNGATO
665;POMODORO TONDO DA MENSA;000;VARIETA' GENERICA;134;005;000;003;POMODORO;DA MENSA;;TONDO
667;SALICE;000;;667;000;000;000;SALICE;;;
667;SALICE;049;MICORRIZATO;667;000;000;049;SALICE;;;MICORRIZATO
667;SALICE;058;USO FORESTALE;667;000;058;000;SALICE;;FORESTALE;
667;SALICE;500;USO ENERGETICO;667;000;000;022;SALICE;;;ENERGETICO
668;EUCALIPTO;000;;668;000;000;000;EUCALIPTO;;;
668;EUCALIPTO;001;FRONDE VERDI;668;010;027;000;EUCALIPTO;DA VIVAIO;FRONDE VERDI;
668;EUCALIPTO;058;USO FORESTALE;668;000;058;000;EUCALIPTO;;FORESTALE;
668;EUCALIPTO;500;USO ENERGETICO;668;000;000;022;EUCALIPTO;;;ENERGETICO
669;ROBINIA;000;;669;000;000;000;ROBINIA;;;
669;ROBINIA;058;USO FORESTALE;669;000;058;000;ROBINIA;;FORESTALE;
669;ROBINIA;500;USO ENERGETICO;669;000;000;022;ROBINIA;;;ENERGETICO
671;ALBICOCCO;000;VARIETA' GENERICA;671;000;000;000;ALBICOCCO;;;
671;ALBICOCCO;059;IN FASE DI PIANTUMAZIONE;671;000;059;000;ALBICOCCO;;IN FASE DI PIANTUMAZIONE;
671;ALBICOCCO;063;VARIETA' PRECOCI;671;000;000;063;ALBICOCCO;;;VARIETA' PRECOCI
672;CILIEGIO;000;VARIETA' GENERICA;672;000;000;000;CILIEGIO;;;
673;SUSINO;000;VARIETA' GENERICA;673;000;000;000;SUSINO;;;
673;SUSINO;059;IN FASE DI PIANTUMAZIONE;673;000;059;000;SUSINO;;IN FASE DI PIANTUMAZIONE;
673;SUSINO;063;VARIETA' PRECOCI;673;000;000;063;SUSINO;;;VARIETA' PRECOCI
674;EVODIA O EUODIA O ALBERO DELLE API O ALBERO DEL MIELE;000;;674;010;000;000;EVODIA O EUODIA OALBERO DELLE API O ALBERO DEL MIELE;DA VIVAIO;;
674;EVODIA O EUODIA O ALBERO DELLE API O ALBERO DEL MIELE;006;COLTURA IN VASO - PIANTE VERDI;674;010;030;000;EVODIA O EUODIA OALBERO DELLE API O ALBERO DEL MIELE;DA VIVAIO;COLTURA IN VASO - PIANTE VERDI;
674;EVODIA O EUODIA O ALBERO DELLE API O ALBERO DEL MIELE;058;;674;000;058;000;EVODIA O EUODIA OALBERO DELLE API O ALBERO DEL MIELE;;FORESTALE;
675;SCAGLIOLA;000;VARIETA' GENERICA;675;011;000;000;SCAGLIOLA;FAVE, SEMI, GRANELLA;;
675;SCAGLIOLA;500;USO ENERGETICO;675;011;000;022;SCAGLIOLA;FAVE, SEMI, GRANELLA;;ENERGETICO
676;TRIFOGLIO PER LA PRODUZIONE DI SEME (SP. TRIFOLIUM SQUARROSUM L.);000;;676;008;000;000;TRIFOGLIO (SP. TRIFOLIUM SQUARROSUM L.);DA SEME;;
677;ANNONA CHERIMOLA (o CIRIMOIA o CHERIMOYA);000;;677;000;000;000;ANNONA CHERIMOLA (o CIRIMOIA o CHERIMOYA);;;
678;SCAGLIOLA - DA FORAGGIO;053;ERBAIO IN PUREZZA, ANNUALE - NON PERMANENTE;675;002;053;045;SCAGLIOLA;DA FORAGGIO;ERBAIO IN PUREZZA, ANNUALE - NON PERMANENTE;DI GRAMINACEE
678;SCAGLIOLA - DA FORAGGIO;500;USO ENERGETICO;675;002;000;022;SCAGLIOLA;DA FORAGGIO;;ENERGETICO
679;FRUTTETI FAMILIARI;000;;679;000;000;000;FRUTTETI FAMILIARI;;;
680;SCALOGNI;000;;680;007;000;000;SCALOGNO;DA ORTO;;
681;SEGALA;000;VARIETA' GENERICA;684;011;000;000;SEGALA;FAVE, SEMI, GRANELLA;;
681;SEGALA;500;USO ENERGETICO;684;011;000;022;SEGALA;FAVE, SEMI, GRANELLA;;ENERGETICO
682;TEFF PER LA PRODUZIONE DI SEME;000;;682;008;000;000;TEF o TEFF;DA SEME;;
683;TEFF DA GRANELLA;000;;682;011;000;000;TEF o TEFF;FAVE, SEMI, GRANELLA;;
684;SEGALA - DA FORAGGIO;053;ERBAIO IN PUREZZA, ANNUALE - NON PERMANENTE;684;002;053;045;SEGALA;DA FORAGGIO;ERBAIO IN PUREZZA, ANNUALE - NON PERMANENTE;DI GRAMINACEE
684;SEGALA - DA FORAGGIO;500;USO ENERGETICO;684;002;000;022;SEGALA;DA FORAGGIO;;ENERGETICO
686;SENAPE;000;VARIETA' GENERICA;077;000;000;000;SENAPE;;;
687;SESAMO;000;VARIETA' GENERICA;149;000;000;000;SESAMO;;;
689;TAGETE o GAROFANO INDIANO;000;;689;010;000;000;TAGETE o GAROFANO INDIANO;DA VIVAIO;;
689;TAGETE o GAROFANO INDIANO;001;;689;000;000;000;TAGETE o GAROFANO INDIANO;;;
689;TAGETE o GAROFANO INDIANO;004;FIORE RECISO;689;010;023;000;TAGETE o GAROFANO INDIANO;DA VIVAIO;FIORE RECISO;
690;SOIA - DA FORAGGIO;053;ERBAIO IN PUREZZA, ANNUALE - NON PERMANENTE;004;002;053;043;SOIA;DA FORAGGIO;ERBAIO IN PUREZZA, ANNUALE - NON PERMANENTE;DI LEGUMINOSE
690;SOIA - DA FORAGGIO;500;USO ENERGETICO;004;002;000;022;SOIA;DA FORAGGIO;;ENERGETICO
691;JUTA o IUTA o CORCORO;000;;691;001;000;000;JUTA o IUTA o CORCORO;DA FIBRA;;
692;SILENE o SIRENE o STRIGOLI DA ORTO;000;;692;007;056;000;SILENE o SIRENE o STRIGOLI;DA ORTO;PLURIENNALE - PERMANENTE;
693;SORGO;010;DA FORAGGIO - INSILATO;693;002;010;000;SORGO;DA FORAGGIO;INSILATO;
693;SORGO DA FORAGGIO;053;ERBAIO IN PUREZZA, ANNUALE - NON PERMANENTE;693;002;053;045;SORGO;DA FORAGGIO;ERBAIO IN PUREZZA, ANNUALE - NON PERMANENTE;DI GRAMINACEE
693;SORGO - DA FORAGGIO;500;USO ENERGETICO;693;002;000;022;SORGO;DA FORAGGIO;;ENERGETICO
694;SORGO DA GRANELLA;000;VARIETA' GENERICA;693;011;000;000;SORGO;FAVE, SEMI, GRANELLA;;
694;SORGO DA GRANELLA;500;USO ENERGETICO;693;011;000;022;SORGO;FAVE, SEMI, GRANELLA;;ENERGETICO
695;BANANO DEL NORD;000;;695;000;000;000;BANANO DEL NORD;;;
695;BANANO DEL NORD;005;DA MENSA;695;005;000;000;BANANO DEL NORD;DA MENSA;;
696;SILENE o SIRENE o STRIGOLI PER LA PRODUZIONE DI SEME;000;;692;008;056;000;SILENE o SIRENE o STRIGOLI;DA SEME;PLURIENNALE - PERMANENTE;
698;SPELTA;000;;045;011;000;000;SPELTA;FAVE, SEMI, GRANELLA;;
698;SPELTA;500;USO ENERGETICO;045;000;000;022;SPELTA;;;ENERGETICO
699;ERBAIO MISTO;050;ANNUALE - NON PERMANENTE;800;002;050;044;ERBAIO;DA FORAGGIO;ANNUALE - NON PERMANENTE;MISTO
700;PRATO PASCOLO MISTO;051;AVVICENDATO - NON PERMANENTE;899;002;051;044;PRATO PASCOLO;DA FORAGGIO;AVVICENDATO - NON PERMANENTE;MISTO
700;PRATO PASCOLO MISTO;052;NON AVVICENDATO PER ALMENO 5 ANNI (SFALCIATO) - PERMANENTE;899;002;052;044;PRATO PASCOLO;DA FORAGGIO;NON AVVICENDATO PER ALMENO 5 ANNI - PERMANENTE;MISTO
704;VIGNETO SPERIMENTALE PER UVA DA VINO-DA CONSERVAZIONE;000;;410;009;037;004;VITE;DA VINO;SPERIMENTALE;DA CONSERVAZIONE
705;VITE-DA CONSERVAZIONE;000;;410;000;000;004;VITE;;;DA CONSERVAZIONE
705;VITE-DA CONSERVAZIONE;059;IN FASE DI PIANTUMAZIONE;410;000;059;000;VITE;;IN FASE DI PIANTUMAZIONE;
706;UVA DA VINO-DA CONSERVAZIONE;000;;410;009;000;004;VITE;DA VINO;;DA CONSERVAZIONE
707;UVA DA TRASFORMAZIONE-DA CONSERVAZIONE;000;;410;003;037;004;VITE;DA INDUSTRIA;SPERIMENTALE;DA CONSERVAZIONE
710;PATATA;000;VARIETA' GENERICA;710;007;000;000;PATATA;DA ORTO;;
710;PATATA;063;VARIETA PRECOCI;710;007;000;063;PATATA;DA ORTO;;VARIETA PRECOCI
710;PATATA;500;USO ENERGETICO;710;000;000;022;PATATA;;;ENERGETICO
711;CARDO DEI LANAIOLI  O CARDO TESSILE;000;;910;001;000;000;CARDI;DA FIBRA;;
713;VIGNETO SPERIMENTALE PER UVA DA TAVOLA-DA CONSERVAZIONE;000;;410;005;037;004;VITE;DA MENSA;SPERIMENTALE;DA CONSERVAZIONE
714;UVA DA MENSA-DA CONSERVAZIONE;000;;410;005;000;004;VITE;DA MENSA;;DA CONSERVAZIONE
715;ZUCCA LAGENARIA;000;;715;007;000;000;ZUCCA LAGENARIA;DA ORTO;;
716;ZUCCA LAGENARIA PER LA PRODUZIONE DI SEME;000;;715;008;000;000;ZUCCA LAGENARIA;DA SEME;;
717;GRANO DEL MIRACOLO;000;;717;011;000;000;GRANO DEL MIRACOLO;FAVE, SEMI, GRANELLA;;
718;GRANO DEL MIRACOLO PER LA PRODUZIONE DI SEME;000;;717;008;000;000;GRANO DEL MIRACOLO;DA SEME;;
719;LUFFA PER LA PRODUZIONE DI SEME;000;;719;007;000;000;LUFFA;DA ORTO;;
720;LUFFA;000;;719;008;000;000;LUFFA;DA SEME;;
721;FAGIOLO DA TRASFORMAZIONE;000;;122;003;000;000;FAGIOLO;DA INDUSTRIA;;
724;SALVIA PER LA PRODUZIONE DI SEME;000;;966;008;000;000;SALVIA;DA SEME;;
725;CECE PER LA PRODUZIONE DI SEME;000;;544;008;000;000;CECE;DA SEME;;
726;ROMICE o LAPAZIO;000;;726;011;000;000;ROMICE o LAPAZIO;FAVE, SEMI, GRANELLA;;
726;ROMICE o LAPAZIO;500;USO ENERGETICO;726;011;000;022;ROMICE o LAPAZIO;FAVE, SEMI, GRANELLA;;ENERGETICO
727;ROMICE o LAPAZIO PER LA PRODUZIONE DI SEME;000;;726;008;000;000;ROMICE o LAPAZIO;DA SEME;;
728;ROMICE o LAPAZIO - DA FORAGGIO;500;USO ENERGETICO;726;002;000;022;ROMICE o LAPAZIO;DA FORAGGIO;;ENERGETICO
732;SPIRULINA;000;;732;000;000;000;SPIRULINA;;;
733;PAPAYA;000;;733;000;000;000;PAPAYA;;;
734;FIORI EDULI;000;;734;007;000;000;FIORI EDULI;DA ORTO;;
734;FAGIOLO;001;;122;000;000;000;FAGIOLO;;;
734;FIORI EDULI;046;COLTIVATO  IN CICLO ALTERNATO CON ALTRE COLTURE SEMINATIVO;734;007;000;046;FIORI EDULI;DA ORTO;;COLTIVATO  IN CICLO ALTERNATO CON ALTRE COLTURE SEMINATIVO
735;FAGIOLINO DA ORTO;000;;121;007;000;000;FAGIOLINO;DA ORTO;;
736;SILFIO (PIANTA DI COPPO)  Silphium perfoliatum;000;;736;000;000;000;SILFIO (PIANTA DI COPPO)á Silphium perfoliatum;;;
737;BABY LEAF - IV GAMMA;000;;737;444;000;000;BABY LEAF;IV GAMMA;;
738;CARPINO NERO;049;MICORRIZATO;738;000;000;049;CARPINO NERO;;;MICORRIZATO
739;CISTO DI CRETA (CISTO ROSSO);049;MICORRIZATO;739;000;000;049;CISTO DI CRETA (CISTO ROSSO);;;MICORRIZATO
739;CISTO DI CRETA (CISTO ROSSO);249;MICORRIZATO - DA VIVAIO - PERMANENTE;739;010;000;049;CISTO DI CRETA (CISTO ROSSO);DA VIVAIO;;MICORRIZATO
740;CISTO FEMMINA;049;MICORRIZATO;740;000;000;049;CISTO FEMMINA;;;MICORRIZATO
740;CISTO FEMMINA;249;MICORRIZATO - DA VIVAIO - PERMANENTE;740;010;000;049;CISTO FEMMINA;DA VIVAIO;;MICORRIZATO
741;PINO D'ALEPPO;049;MICORRIZATO;741;000;000;049;PINO D'ALEPPO;;;MICORRIZATO
742;PIOPPO CANESCENTE o PIOPPO GRIGIO;049;MICORRIZATO;742;000;000;049;PIOPPO CANESCENTE o PIOPPO GRIGIO;;;MICORRIZATO
742;PIOPPO CANESCENTE O PIOPPO GRIGIO;058;USO FORESTALE;742;000;058;000;PIOPPO CANESCENTE o PIOPPO GRIGIO;;FORESTALE;
742;PIOPPO CANESCENTE o PIOPPO GRIGIO;500;ENERGETICO;742;000;000;022;PIOPPO CANESCENTE o PIOPPO GRIGIO;;;ENERGETICO
743;QUERCIA SPINOSA;049;MICORRIZATO;743;000;000;049;QUERCIA SPINOSA;;;MICORRIZATO
744;QUERCIA DI DALECHAMPS;049;MICORRIZATO;744;000;000;049;QUERCIA DI DALECHAMPS;;;MICORRIZATO
745;TIGLIO SELVATICO;049;MICORRIZATO;745;000;000;049;TIGLIO SELVATICO;;;MICORRIZATO
746;TIGLIO NOSTRANO;049;MICORRIZATO;746;000;000;049;TIGLIO NOSTRANO;;;MICORRIZATO
747;PECAN;049;MICORRIZATO;747;000;000;049;PECAN;;;MICORRIZATO
748;NOCCIOLO TURCO;049;MICORRIZATO;748;000;000;049;NOCCIOLO TURCO;;;MICORRIZATO
749;TIGLIO INTERMEDIO;049;MICORRIZATO;749;000;000;049;TIGLIO INTERMEDIO;;;MICORRIZATO
751;FESTUCA INDURITA DA FORAGGIO;000;;263;002;000;000;FESTUCA INDURITA;DA FORAGGIO;;
752;FESTUCA  A FOGLIE CAPILLARI DA FORAGGIO;000;;264;002;000;000;FESTUCA  A FOGLIE CAPILLARI;DA FORAGGIO;;
753;FESTUCA DA FORAGGIO (SP. FESTUCA ARUNDINACEA SCHREB.);000;;359;002;000;000;FESTUCA  (SP. FESTUCA ARUNDINACEA SCHREB.);DA FORAGGIO;;
754;FESTUCADA FORAGGIO (SP. FESTUCA OVINA L.);000;;360;002;000;000;FESTUCA  (SP. FESTUCA OVINA L.);DA FORAGGIO;;
755;FESTUCA DA FORAGGIO (SP. FESTUCA PRATENSIS HUDS.);000;;361;002;000;000;FESTUCA  (SP. FESTUCA PRATENSIS HUDS.);DA FORAGGIO;;
756;FESTUCA DA FORAGGIOE (SP. FESTUCA RUBRA L.);000;;362;002;000;000;FESTUCA (SP. FESTUCA RUBRA L.);DA FORAGGIO;;
757;FESTUCA DA FORAGGIO (SP. FESTULOLIUM);000;;363;002;000;000;FESTUCA  (SP. FESTULOLIUM);DA FORAGGIO;;
758;UVA DA TRASFORMAZIONE-DA INDUSTRIA;000;;410;003;000;000;VITE;DA INDUSTRIA;;
759;MORINGA OLEIFERA o ALBERO DEL RAVANELLO;000;;759;000;000;000;MORINGA OLEIFERA o ALBERO DEL RAVANELLO;;;
759;MORINGA OLEIFERA o ALBERO DEL RAVANELLO;059;;759;000;059;000;MORINGA OLEIFERA o ALBERO DEL RAVANELLO;;IN FASE DI PIANTUMAZIONE;
760;NIGELLA DAMASCENA DA SEME;000;;760;008;000;000;NIGELLA DAMASCENA;DA SEME;;
780;USO NON AGRICOLO - TARE ED INCOLTI;000;VARIETA' GENERICA;780;000;000;000;USO NON AGRICOLO - TARE;;;
783;ALBERI IN FILARE;000;;783;000;000;000;ALBERI IN FILARE;;;
783;ALBERI IN FILARE;114;SISTEMI LINEARI;783;114;000;038;ALBERI IN FILARE;SISTEMI LINEARI;;INCLUSO/ADIACENTE AL  SEMINATIVO
783;ALBERI IN FILARE;S01;SISTEMI LINEARI;783;114;000;040;ALBERI IN FILARE;SISTEMI LINEARI;;INCLUSO/ADIACENTE AL  PRATO PERMANENTE
783;ALBERI IN FILARE;S02;SISTEMI LINEARI;783;114;000;041;ALBERI IN FILARE;SISTEMI LINEARI;;INCLUSO/ADIACENTE ALLA  COLTURA PERMANENTE
783;ALBERI IN FILARE;S03;SISTEMI LINEARI CREATI EX NOVO SUI SEMINATIVI;783;445;000;038;ALBERI IN FILARE;SISTEMI LINEARI CREATI EX NOVO SUI SEMINATIVI;;INCLUSO/ADIACENTE ALá SEMINATIVO
784;MACERI, STAGNI E LAGHETTI;000;;784;000;000;000;MACERI, STAGNI E LAGHETTI;;;
784;MACERI, STAGNI E LAGHETTI;114;SISTEMI LINEARI;784;114;000;038;MACERI, STAGNI E LAGHETTI;SISTEMI LINEARI;;INCLUSO/ADIACENTE AL  SEMINATIVO
784;MACERI, STAGNI E LAGHETTI;S01;SISTEMI LINEARI;784;114;000;040;MACERI, STAGNI E LAGHETTI;SISTEMI LINEARI;;INCLUSO/ADIACENTE AL  PRATO PERMANENTE
784;MACERI, STAGNI E LAGHETTI;S02;SISTEMI LINEARI;784;114;000;041;MACERI, STAGNI E LAGHETTI;SISTEMI LINEARI;;INCLUSO/ADIACENTE ALLA  COLTURA PERMANENTE
784;MACERI, STAGNI E LAGHETTI;S03;SISTEMI LINEARI CREATI EX NOVO SUI SEMINATIVI;;;;;;;;
785;GRUPPI DI ALBERI E BOSCHETTI;000;;785;000;000;000;GRUPPI DI ALBERI E BOSCHETTI;;;
785;GRUPPI DI ALBERI E BOSCHETTI;114;SISTEMI LINEARI;785;114;000;038;GRUPPI DI ALBERI E BOSCHETTI;SISTEMI LINEARI;;INCLUSO/ADIACENTE AL  SEMINATIVO
785;GRUPPI DI ALBERI E BOSCHETTI;122;SISTEMI LINEARI -  INCLUSO/ADIACENTE AL  PRATO PERMANENTE;785;114;000;040;GRUPPI DI ALBERI E BOSCHETTI;SISTEMI LINEARI;;INCLUSO/ADIACENTE AL  PRATO PERMANENTE
785;GRUPPI DI ALBERI E BOSCHETTI;123;SISTEMI LINEARI - INCLUSO/ADIACENTE ALLA COLTURA PERMANENTE;785;114;000;041;GRUPPI DI ALBERI E BOSCHETTI;SISTEMI LINEARI;;INCLUSO/ADIACENTE ALLA COLTURA PERMANENTE
785;GRUPPI DI ALBERI E BOSCHETTI;124;SISTEMI LINEARI CREATI EX NOVO SUI SEMINATIVI;;;;;;;;
786;FOSSATI E CANALI;000;;786;000;000;000;FOSSATI E CANALI;;;
786;FOSSATI E CANALI;114;SISTEMI LINEARI;786;114;000;038;FOSSATI E CANALI;SISTEMI LINEARI;;INCLUSO/ADIACENTE AL  SEMINATIVO
786;FOSSATI E CANALI;S01;SISTEMI LINEARI;786;114;000;040;FOSSATI E CANALI;SISTEMI LINEARI;;INCLUSO/ADIACENTE AL  PRATO PERMANENTE
786;FOSSATI E CANALI;S02;SISTEMI LINEARI;786;114;000;041;FOSSATI E CANALI;SISTEMI LINEARI;;INCLUSO/ADIACENTE ALLA  COLTURA PERMANENTE
787;MURETTI TRADIZIONALI;000;;787;000;000;000;MURETTI TRADIZIONALI;;;
787;MURETTI TRADIZIONALI;114;SISTEMI LINEARI;787;114;000;038;MURETTI TRADIZIONALI;SISTEMI LINEARI;;INCLUSO/ADIACENTE AL  SEMINATIVO
787;MURETTI TRADIZIONALI;S01;SISTEMI LINEARI;787;114;000;040;MURETTI TRADIZIONALI;SISTEMI LINEARI;;INCLUSO/ADIACENTE AL  PRATO PERMANENTE
787;MURETTI TRADIZIONALI;S02;SISTEMI LINEARI;787;114;000;041;MURETTI TRADIZIONALI;SISTEMI LINEARI;;INCLUSO/ADIACENTE ALLA  COLTURA PERMANENTE
787;MURETTI TRADIZIONALI;S03;SISTEMI LINEARI CREATI EX NOVO SUI SEMINATIVI;;;;;;;;
788;SIEPI E FASCE ALBERATE;000;;788;000;000;000;SIEPI E FASCE ALBERATE;;;
788;SIEPI E FASCE ALBERATE;114;SISTEMI LINEARI;788;114;000;038;SIEPI E FASCE ALBERATE;SISTEMI LINEARI;;INCLUSO/ADIACENTE AL  SEMINATIVO
788;SIEPI E FASCE ALBERATE;S01;SISTEMI LINEARI;788;114;000;040;SIEPI E FASCE ALBERATE;SISTEMI LINEARI;;INCLUSO/ADIACENTE AL  PRATO PERMANENTE
788;SIEPI E FASCE ALBERATE;S02;SISTEMI LINEARI;788;114;000;041;SIEPI E FASCE ALBERATE;SISTEMI LINEARI;;INCLUSO/ADIACENTE ALLA  COLTURA PERMANENTE
788;SIEPI E FASCE ALBERATE;S03;SISTEMI LINEARI;788;114;044;038;SIEPI E FASCE ALBERATE;SISTEMI LINEARI;BARRIERE SCHERMANTI;INCLUSO/ADIACENTE AL  SEMINATIVO
788;SIEPI E FASCE ALBERATE;S04;SISTEMI LINEARI;788;114;044;040;SIEPI E FASCE ALBERATE;SISTEMI LINEARI;BARRIERE SCHERMANTI;INCLUSO/ADIACENTE AL  PRATO PERMANENTE
788;SIEPI E FASCE ALBERATE;S05;SISTEMI LINEARI;788;114;044;041;SIEPI E FASCE ALBERATE;SISTEMI LINEARI;BARRIERE SCHERMANTI;INCLUSO/ADIACENTE ALLA  COLTURA PERMANENTE
788;SIEPI E FASCE ALBERATE;S06;SISTEMI LINEARI;788;114;045;038;SIEPI E FASCE ALBERATE;SISTEMI LINEARI;SIEPI FRANGIVENTO;INCLUSO/ADIACENTE AL  SEMINATIVO
788;SIEPI E FASCE ALBERATE;S07;SISTEMI LINEARI;788;114;045;040;SIEPI E FASCE ALBERATE;SISTEMI LINEARI;SIEPI FRANGIVENTO;INCLUSO/ADIACENTE AL  PRATO PERMANENTE
788;SIEPI E FASCE ALBERATE;S08;SISTEMI LINEARI;788;114;045;041;SIEPI E FASCE ALBERATE;SISTEMI LINEARI;SIEPI FRANGIVENTO;INCLUSO/ADIACENTE ALLA  COLTURA PERMANENTE
788;SIEPI E FASCE ALBERATE;S09;SISTEMI LINEARI;788;114;046;038;SIEPI E FASCE ALBERATE;SISTEMI LINEARI;RECINZIONI VIVE PER NEVE;INCLUSO/ADIACENTE AL  SEMINATIVO
788;SIEPI E FASCE ALBERATE;S10;SISTEMI LINEARI;788;114;046;040;SIEPI E FASCE ALBERATE;SISTEMI LINEARI;RECINZIONI VIVE PER NEVE;INCLUSO/ADIACENTE AL  PRATO PERMANENTE
788;SIEPI E FASCE ALBERATE;S11;SISTEMI LINEARI;788;114;046;041;SIEPI E FASCE ALBERATE;SISTEMI LINEARI;RECINZIONI VIVE PER NEVE;INCLUSO/ADIACENTE ALLA  COLTURA PERMANENTE
788;SIEPI E FASCE ALBERATE;S12;SISTEMI LINEARI CREATI EX NOVO SUI SEMINATIVI;788;445;000;038;SIEPI E FASCE ALBERATE;SISTEMI LINEARI CREATI EX NOVO SUI SEMINATIVI;;INCLUSO/ADIACENTE ALá SEMINATIVO
788;SIEPI E FASCE ALBERATE;S13;SISTEMI LINEARI CREATI EX NOVO SUI SEMINATIVI;;;;;;;;
788;SIEPI E FASCE ALBERATE;S14;SISTEMI LINEARI CREATI EX NOVO SUI SEMINATIVI;;;;;;;;
788;SIEPI E FASCE ALBERATE;S15;SISTEMI LINEARI CREATI EX NOVO SUI SEMINATIVI;;;;;;;;
789;MARGINI DEI CAMPI;000;;789;000;000;000;MARGINI (BORDI) DEI CAMPI;;;
789;MARGINI (BORDI) DEI CAMPI;114;SISTEMI LINEARI;789;114;000;038;MARGINI (BORDI) DEI CAMPI;SISTEMI LINEARI;;INCLUSO/ADIACENTE AL  SEMINATIVO
789;MARGINI (BORDI) DEI CAMPI;122;SISTEMI LINEARI - INCLUSO/ADIACENTE AL  PRATO PERMANENTE;789;114;000;040;MARGINI (BORDI) DEI CAMPI;SISTEMI LINEARI;;INCLUSO/ADIACENTE AL  PRATO PERMANENTE
789;MARGINI (BORDI) DEI CAMPI;123;SISTEMI LINEARI;789;114;000;041;MARGINI (BORDI) DEI CAMPI;SISTEMI LINEARI;;INCLUSO/ADIACENTE ALLA  COLTURA PERMANENTE
791;FASCE TAMPONE RIPARIALI;000;;791;000;000;000;FASCE TAMPONE RIPARIALI;;;
791;FASCE TAMPONE RIPARIALI;114;SISTEMI LINEARI;791;114;040;038;FASCE TAMPONE RIPARIALI;SISTEMI LINEARI;ERBACEE;INCLUSO/ADIACENTE AL  SEMINATIVO
791;FASCE TAMPONE RIPARIALI;136;SISTEMI LINEARI - ERBACEE - INCLUSO/ADIACENTE AL  PRATO PERMANENTE;791;114;040;040;FASCE TAMPONE RIPARIALI;SISTEMI LINEARI;ERBACEE;INCLUSO/ADIACENTE AL  PRATO PERMANENTE
791;FASCE TAMPONE RIPARIALI;137;SISTEMI LINEARI - ARBOREE E ARBUSTIVE - INCLUSO/ADIACENTE AL  PRATO PERMANENTE;791;114;041;040;FASCE TAMPONE RIPARIALI;SISTEMI LINEARI;ARBOREE E ARBUSTIVE;INCLUSO/ADIACENTE AL  PRATO PERMANENTE
791;FASCE TAMPONE RIPARIALI;142;SISTEMI LINEARI - ERBACEE - INCLUSO/ADIACENTE ALLA COLTURA PERMANENTE;791;114;040;041;FASCE TAMPONE RIPARIALI;SISTEMI LINEARI;ERBACEE;INCLUSO/ADIACENTE ALLA COLTURA PERMANENTE
791;FASCE TAMPONE RIPARIALI;143;SISTEMI LINEARI - ARBOREE E ARBUSTIVE - INCLUSO/ADIACENTE ALLA COLTURA PERMANENTE;791;114;041;041;FASCE TAMPONE RIPARIALI;SISTEMI LINEARI;ARBOREE E ARBUSTIVE;INCLUSO/ADIACENTE ALLA COLTURA PERMANENTE
791;FASCE TAMPONE RIPARIALI;S01;SISTEMI LINEARI;791;114;041;038;FASCE TAMPONE RIPARIALI;SISTEMI LINEARI;ARBOREE E ARBUSTIVE;INCLUSO/ADIACENTE AL  SEMINATIVO
792;FASCE TAMPONE NON RIPARIALI;001;SOLCHI INERBITI;792;000;038;000;FASCE TAMPONE NON RIPARIALI;;SOLCHI INERBITI;
792;FASCE TAMPONE NON RIPARIALI;002;STRISCE FILTRO;792;000;039;000;FASCE TAMPONE NON RIPARIALI;;STRISCE FILTRO;
792;FASCE TAMPONE NON RIPARIALI;003;ERBACEE;792;000;040;000;FASCE TAMPONE NON RIPARIALI;;ERBACEE;
792;FASCE TAMPONE NON RIPARIALI;004;ARBOREE E ARBUSTIVE;792;000;041;000;FASCE TAMPONE NON RIPARIALI;;ARBOREE E ARBUSTIVE;
792;FASCE TAMPONE NON RIPARIALI;114;SISTEMI LINEARI;792;114;042;038;FASCE TAMPONE NON RIPARIALI;SISTEMI LINEARI;STRISCE LUNGO I BORDI FORESTALI SENZA PRODUZIONE;INCLUSO/ADIACENTE AL  SEMINATIVO
792;FASCE TAMPONE NON RIPARIALI;138;SISTEMI LINEARI - STRISCE LUNGO I BORDI FORESTALI SENZA PRODUZIONE - INCLUSO/ADIACENTE AL  PRATO PERMANENTE;792;114;042;040;FASCE TAMPONE NON RIPARIALI;SISTEMI LINEARI;STRISCE LUNGO I BORDI FORESTALI SENZA PRODUZIONE;INCLUSO/ADIACENTE AL  PRATO PERMANENTE
792;FASCE TAMPONE NON RIPARIALI;139;SISTEMI LINEARI - STRISCE LUNGO I BORDI FORESTALI CON PRODUZIONE - INCLUSO/ADIACENTE AL  PRATO PERMANENTE;792;114;043;040;FASCE TAMPONE NON RIPARIALI;SISTEMI LINEARI;STRISCE LUNGO I BORDI FORESTALI CON PRODUZIONE;INCLUSO/ADIACENTE AL  PRATO PERMANENTE
792;FASCE TAMPONE NON RIPARIALI;140;SISTEMI LINEARI - STRISCE LUNGO I BORDI FORESTALI SENZA PRODUZIONE - INCLUSO/ADIACENTE ALLA COLTURA PERMANENTE;792;114;042;041;FASCE TAMPONE NON RIPARIALI;SISTEMI LINEARI;STRISCE LUNGO I BORDI FORESTALI SENZA PRODUZIONE;INCLUSO/ADIACENTE ALLA COLTURA PERMANENTE
792;FASCE TAMPONE NON RIPARIALI;141;SISTEMI LINEARI - STRISCE LUNGO I BORDI FORESTALI CON PRODUZIONE - INCLUSO/ADIACENTE ALLA COLTURA PERMANENTE;792;114;043;041;FASCE TAMPONE NON RIPARIALI;SISTEMI LINEARI;STRISCE LUNGO I BORDI FORESTALI CON PRODUZIONE;INCLUSO/ADIACENTE ALLA COLTURA PERMANENTE
792;FASCE TAMPONE NON RIPARIALI;S01;SISTEMI LINEARI;792;114;043;038;FASCE TAMPONE NON RIPARIALI;SISTEMI LINEARI;STRISCE LUNGO I BORDI FORESTALI CON PRODUZIONE;INCLUSO/ADIACENTE AL  SEMINATIVO
793;ALBERI ISOLATI;000;;793;000;000;000;ALBERI ISOLATI;;;
793;ALBERI ISOLATI;114;SISTEMI LINEARI;793;114;000;038;ALBERI ISOLATI;SISTEMI LINEARI;;INCLUSO/ADIACENTE AL  SEMINATIVO
793;ALBERI ISOLATI;S01;SISTEMI LINEARI;793;114;000;040;ALBERI ISOLATI;SISTEMI LINEARI;;INCLUSO/ADIACENTE AL  PRATO PERMANENTE
793;ALBERI ISOLATI;S02;SISTEMI LINEARI;793;114;000;041;ALBERI ISOLATI;SISTEMI LINEARI;;INCLUSO/ADIACENTE ALLA  COLTURA PERMANENTE
793;ALBERI ISOLATI;S03;SISTEMI LINEARI CREATI EX NOVO SUI SEMINATIVI;;;;;;;;
800;ERBAIO DI LEGUMINOSE;050;ANNUALE - NON PERMANENTE;800;002;050;043;ERBAIO;DA FORAGGIO;ANNUALE - NON PERMANENTE;DI LEGUMINOSE
801;PESCA DA TAVOLA;000;VARIETA' GENERICA;801;005;000;000;PESCO;DA MENSA;;
801;PESCA DA TAVOLA;059;IN FASE DI PIANTUMAZIONE;801;005;059;000;PESCO;DA MENSA;IN FASE DI PIANTUMAZIONE;
801;PESCO;063;DA MENSA - VARIETA' PRECOCI;801;005;000;063;PESCO;DA MENSA;;VARIETA' PRECOCI
802;PERO;000;;189;000;000;000;PERO;;;
803;PESCA DA TRASFORMAZIONE;000;;801;003;000;000;PESCO;DA INDUSTRIA;;
803;PESCA DA TRASFORMAZIONE;059;IN FASE DI PIANTUMAZIONE;801;003;059;000;PESCO;DA INDUSTRIA;IN FASE DI PIANTUMAZIONE;
804;PESCA NETTARINA;000;VARIETA' GENERICA;804;000;000;000;PESCO NETTARINA;;;
804;PESCA NETTARINA;059;IN FASE DI PIANTUMAZIONE;804;000;059;000;PESCO NETTARINA;;IN FASE DI PIANTUMAZIONE;
804;PESCO NETTARINA;063;VARIETA' PRECOCI;804;000;000;063;PESCO NETTARINA;;;VARIETA' PRECOCI
826;PINO DOMESTICO;000;;826;000;000;000;PINO DOMESTICO;;;
826;PINO DOMESTICO;049;MICORRIZATO;826;000;000;049;PINO DOMESTICO;;;MICORRIZATO
831;ACTINIDIA (KIWI);059;IN FASE DI PIANTUMAZIONE;831;000;059;000;ACTINIDIA (KIWI);;IN FASE DI PIANTUMAZIONE;
831;ACTINIDIA (KIWI);062;BABY;831;000;000;062;ACTINIDIA (KIWI);;;BABY
831;ACTINIDIA (KIWI);072;POLPA VERDE;831;000;000;059;ACTINIDIA (KIWI);;;POLPA VERDE
831;ACTINIDIA (KIWI);073;POLPA GIALLA;831;000;000;060;ACTINIDIA (KIWI);;;POLPA GIALLA
831;ACTINIDIA (KIWI);074;POLPA ROSSA;831;000;000;061;ACTINIDIA (KIWI);;;POLPA ROSSA
840;SULLA - DA FORAGGIO;053;ERBAIO IN PUREZZA, ANNUALE - NON PERMANENTE;840;002;053;043;SULLA;DA FORAGGIO;ERBAIO IN PUREZZA, ANNUALE - NON PERMANENTE;DI LEGUMINOSE
840;SULLA - DA FORAGGIO;054;PRATO PASCOLO IN PUREZZA AVVICENDATO  - NON PERMANENTE;840;002;054;043;SULLA;DA FORAGGIO;PRATO PASCOLO IN PUREZZA AVVICENDATO  - NON PERMANENTE;DI LEGUMINOSE
840;SULLA - DA FORAGGIO;055;PRATO PASCOLO IN PUREZZA  NON AVVICENDATO PER ALMENO 5 ANNI - PERMANENTE;840;002;055;043;SULLA;DA FORAGGIO;PRATO PASCOLO IN PUREZZA  NON AVVICENDATO PER ALMENO 5 ANNI - PERMANENTE;DI LEGUMINOSE
842;RICINO;000;VARIETA' GENERICA;842;000;000;000;RICINO;;;
842;RICINO;500;USO ENERGETICO;842;000;000;022;RICINO;;;ENERGETICO
846;CANAPA PER LA PRODUZIONE DI SEME (SP. CANNABIS SATIVA L.);000;;056;008;000;000;CANAPA;DA SEME;;
846;CANAPA PER LA PRODUZIONE DI SEME (SP. CANNABIS SATIVA L.);016;DA INFIORESCENZA;056;016;000;000;CANAPA;DA INFIORESCENZA;;
849;UVA DA MENSA;000;VARIETA' GENERICA;410;005;000;000;VITE;DA MENSA;;
862;FIENO GRECO da granella;000;;862;011;000;000;FIENO GRECO;FAVE, SEMI, GRANELLA;;
862;FIENO GRECO;053;ERBAIO IN PUREZZA, ANNUALE - NON PERMANENTE;862;002;053;043;FIENO GRECO;DA FORAGGIO;ERBAIO IN PUREZZA, ANNUALE - NON PERMANENTE;DI LEGUMINOSE
862;FIENO GRECO;054;PRATO PASCOLO IN PUREZZA AVVICENDATO  - NON PERMANENTE;862;002;054;043;FIENO GRECO;DA FORAGGIO;PRATO PASCOLO IN PUREZZA AVVICENDATO  - NON PERMANENTE;DI LEGUMINOSE
862;FIENO GRECO;055;PRATO PASCOLO IN PUREZZA  NON AVVICENDATO PER ALMENO 5 ANNI - PERMANENTE;862;002;055;043;FIENO GRECO;DA FORAGGIO;PRATO PASCOLO IN PUREZZA  NON AVVICENDATO PER ALMENO 5 ANNI - PERMANENTE;DI LEGUMINOSE
870;ORZO;000;VARIETA' GENERICA;870;011;000;000;ORZO;FAVE, SEMI, GRANELLA;;
870;ORZO;500;USO ENERGETICO;870;011;000;022;ORZO;FAVE, SEMI, GRANELLA;;ENERGETICO
871;ORZO - DA FORAGGIO;053;ERBAIO IN PUREZZA, ANNUALE - NON PERMANENTE;870;002;053;045;ORZO;DA FORAGGIO;ERBAIO IN PUREZZA, ANNUALE - NON PERMANENTE;DI GRAMINACEE
871;ORZO - DA FORAGGIO;500;USO ENERGETICO;870;002;000;022;ORZO;DA FORAGGIO;;ENERGETICO
879;RABARBARO;000;VARIETA' GENERICA;879;007;000;000;RABARBARO;DA ORTO;;
895;PERE DA TRASFORMAZIONE;000;;189;003;000;000;PERO;DA INDUSTRIA;;
896;MELE DA TRASFORMAZIONE;000;;044;003;000;000;MELO;DA INDUSTRIA;;
897;ERBAIO DI GRAMINACEE;050;ANNUALE - NON PERMANENTE;800;002;050;045;ERBAIO;DA FORAGGIO;ANNUALE - NON PERMANENTE;DI GRAMINACEE
898;PRATO PASCOLO DI GRAMINACEE;051;AVVICENDATO - NON PERMANENTE;899;002;051;045;PRATO PASCOLO;DA FORAGGIO;AVVICENDATO - NON PERMANENTE;DI GRAMINACEE
898;PRATO PASCOLO DI GRAMINACEE;052;NON AVVICENDATO PER ALMENO 5 ANNI (SFALCIATO) - PERMANENTE;899;002;052;045;PRATO PASCOLO;DA FORAGGIO;NON AVVICENDATO PER ALMENO 5 ANNI - PERMANENTE;DI GRAMINACEE
901;AGLIO;000;VARIETA' GENERICA;113;007;000;000;AGLIO;DA ORTO;;
902;ASPARAGO;000;VARIETA' GENERICA;902;007;000;000;ASPARAGO;DA ORTO;;
902;ASPARAGO;001;FRONDE VERDI;902;010;027;000;ASPARAGO;DA VIVAIO;FRONDE VERDI;
903;BASILICO;000;VARIETA' GENERICA;903;007;000;000;BASILICO;DA ORTO;;
904;BIETOLA;000;VARIETA' GENERICA;024;007;000;000;BIETOLA (Compresa  la CHELTENHAM BEET, BARBABIETOLA ROSSA/BIETOLA DA COSTA);DA ORTO;;
904;BIETOLA (Compresa  la CHELTENHAM BEET, BARBABIETOLA ROSSA/BIETOLA DA COSTA);194;RAPA ROSSA;024;007;000;194;BIETOLA (Compresa  la CHELTENHAM BEET, BARBABIETOLA ROSSA/BIETOLA DA COSTA);DA ORTO;;RAPA ROSSA
904;BIETOLA (Compresa  la CHELTENHAM BEET, BARBABIETOLA ROSSA/BIETOLA DA COSTA);195;BIETOLA DA COSTA;024;007;000;195;BIETOLA (Compresa  la CHELTENHAM BEET, BARBABIETOLA ROSSA/BIETOLA DA COSTA);DA ORTO;;BIETOLA DA COSTA
905;BIETOLA (Compresa  la CHELTENHAM BEET, BARBABIETOLA ROSSA/BIETOLA DA COSTA)DA ORTO PER LA PRODUZIONE DI SEME;000;;024;008;000;000;BIETOLA (Compresa  la CHELTENHAM BEET, BARBABIETOLA ROSSA/BIETOLA DA COSTA);DA SEME;;
905;BIETOLA (Compresa  la CHELTENHAM BEET, BARBABIETOLA ROSSA/BIETOLA DA COSTA)DA ORTO PER LA PRODUZIONE DI SEME;194;RAPA ROSSA;024;008;000;194;BIETOLA (Compresa  la CHELTENHAM BEET, BARBABIETOLA ROSSA/BIETOLA DA COSTA);DA SEME;;RAPA ROSSA
905;BIETOLA (Compresa  la CHELTENHAM BEET, BARBABIETOLA ROSSA/BIETOLA DA COSTA)DA ORTO PER LA PRODUZIONE DI SEME;195;BIETOLA DA COSTA;024;008;000;195;BIETOLA (Compresa  la CHELTENHAM BEET, BARBABIETOLA ROSSA/BIETOLA DA COSTA);DA SEME;;BIETOLA DA COSTA
906;BARBABIETOLA DA ZUCCHERO PER LA PRODUZIONE DI SEME;000;;240;008;000;025;BARBABIETOLA - RAPA ROSSA/BIETOLA DA COSTA;DA SEME;;DA ZUCCHERO
907;BARBABIETOLA DA ORTO PER LA PRODUZIONE DI SEME;000;;240;008;000;024;BARBABIETOLA - RAPA ROSSA/BIETOLA DA COSTA;DA SEME;;DA ORTO
908;BARBABIETOLA - DA FORAGGIO PER LA PRODUZIONE DI SEME;000;;240;008;000;023;BARBABIETOLA - RAPA ROSSA/BIETOLA DA COSTA;DA SEME;;DA FORAGGIO
910;CARDI;000;VARIETA' GENERICA;910;007;000;000;CARDI;DA ORTO;;
911;CAROTA;000;VARIETA' GENERICA;027;007;000;000;CAROTA;DA ORTO;;
912;CAROTA IBRIDA PER LA PRODUZIONE DI SEME;000;;027;008;000;029;CAROTA;DA SEME;;IBRIDI
913;CAROTA PER LA PRODUZIONE DI SEME;000;;027;008;000;000;CAROTA;DA SEME;;
914;CAVOLO;000;VARIETA' GENERICA;028;007;000;000;CAVOLO;DA ORTO;;
915;CAVOLO PER LA PRODUZIONE DI SEME;000;;028;008;000;000;CAVOLO;DA SEME;;
916;CAVOLO IBRIDO PER LA PRODUZIONE DI SEME;000;;028;008;000;029;CAVOLO;DA SEME;;IBRIDI
917;CETRIOLO;000;VARIETA' GENERICA;917;007;000;000;CETRIOLO;DA ORTO;;
918;CETRIOLO PER LA PRODUZIONE DI SEME;000;;917;008;000;000;CETRIOLO;DA SEME;;
919;CICORIA;000;VARIETA' GENERICA;919;007;000;000;CICORIA;DA ORTO;;
920;CICORIA PER LA PRODUZIONE DI SEME;000;;919;008;000;000;CICORIA;DA SEME;;
921;CIPOLLA;000;VARIETA' GENERICA;921;007;000;000;CIPOLLA ANCHE DI TIPO LUNGO (echalion);DA ORTO;;
922;CIPOLLA PER LA PRODUZIONE DI SEME;000;;921;008;000;000;CIPOLLA ANCHE DI TIPO LUNGO (echalion);DA SEME;;
923;CIPOLLA IBRIDA PER LA PRODUZIONE DI SEME;000;;921;008;000;029;CIPOLLA ANCHE DI TIPO LUNGO (echalion);DA SEME;;IBRIDI
924;COCOMERO;000;VARIETA' GENERICA;924;000;000;000;COCOMERO;;;
924;COCOMERO;190;ANGURIA MINI;924;000;000;190;COCOMERO;;;ANGURIA MINI
925;FAGIOLINO;000;VARIETA' GENERICA;121;000;000;000;FAGIOLINO;;;
925;FAGIOLINO;003;DA INDUSTRIA;121;003;000;000;FAGIOLINO;DA INDUSTRIA;;
926;FINOCCHIO;000;VARIETA' GENERICA;926;007;000;000;FINOCCHIO;DA ORTO;;
927;FRAGOLA;000;VARIETA' GENERICA;927;000;000;000;FRAGOLA;;;
930;MELANZANA;000;VARIETA' GENERICA;129;007;000;000;MELANZANA;DA ORTO;;
931;MELONE;000;VARIETA' GENERICA;130;000;000;000;MELONE;;;
932;PEPERONE;000;VARIETA' GENERICA;932;007;000;000;PEPERONE;DA ORTO;;
933;PREZZEMOLO;000;VARIETA' GENERICA;933;007;000;000;PREZZEMOLO;DA ORTO;;
934;PREZZEMOLO PER LA PRODUZIONE DI SEME;000;;933;008;000;000;PREZZEMOLO;DA SEME;;
935;RADICCHIO;000;;935;007;000;000;RADICCHIO;DA ORTO;;
936;RAVANELLO;000;VARIETA' GENERICA;936;007;000;000;RAVANELLO;DA ORTO;;
938;SEDANO;000;VARIETA' GENERICA;145;007;000;000;SEDANO;DA ORTO;;
939;SPINACIO;000;VARIETA' GENERICA;939;007;000;000;SPINACIO;DA ORTO;;
940;ZUCCA;000;VARIETA' GENERICA;940;007;000;000;ZUCCA;DA ORTO;;
940;ZUCCA;191;DA ORTO - VARIETA'ORNAMENTALI;940;007;000;191;ZUCCA;DA ORTO;;VARIETA'ORNAMENTALI
941;ZUCCHINO;000;VARIETA' GENERICA;941;007;000;000;ZUCCHINO;DA ORTO;;
941;ZUCCHINO;023;DA ORTO - FIORE RECISO;941;007;023;000;ZUCCHINO;DA ORTO;FIORE RECISO;
942;CIPOLLINA;000;;942;007;000;000;ERBA CIPOLLINA;DA ORTO;;
951;TIMO;000;;951;000;000;000;TIMO;;;
952;ZAFFERANO;000;;952;000;000;000;ZAFFERANO;;;
952;ZAFFERANO;064;BULBI;952;000;064;000;ZAFFERANO;;BULBI;
954;CAVOLO RAPA - DA FORAGGIO;000;;954;002;000;000;CAVOLO RAPA;DA FORAGGIO;;
955;NAVONI RUTABAGA;000;VARIETA' GENERICA;091;000;000;000;NAVONI RUTABAGA;;;
956;SEDANO RAPA;000;;956;002;000;000;SEDANO RAPA;DA FORAGGIO;;
958;ANANASSI;000;;958;000;000;000;ANANASSI;;;
961;MELISSA;000;;961;000;000;000;MELISSA;;;
962;MENTA;000;;962;000;000;000;MENTA;;;
963;ORIGANO;000;;963;000;000;000;ORIGANO;;;
964;MAGGIORANA;000;;964;000;000;000;MAGGIORANA;;;
965;ROSMARINO;000;;965;000;000;000;ROSMARINO;;;
966;SALVIA;000;;966;000;000;000;SALVIA;;;
967;FRASSINO;000;;967;000;000;000;FRASSINO;;;
968;CAPPERO;000;;968;000;000;000;CAPPERO;;;
969;AZZERUOLO;000;;969;000;000;000;AZZERUOLO;;;
970;BROCCOLO;000;;970;007;000;000;CAVOLO BROCCOLO;DA ORTO;;
970;CAVOLO BROCCOLO;192;DA ORTO - ROMANESCO;970;007;000;192;CAVOLO BROCCOLO;DA ORTO;;ROMANESCO
971;ALCHECHENGI;000;;971;000;000;000;ALCHECHENGI;;;
972;BRASSICA CARINATA  (CAVOLO ABISSINO);000;;972;000;000;000;BRASSICA CARINATA  (CAVOLO ABISSINO);;;
973;ACACIA SALIGNA;000;;973;000;000;000;ACACIA SALIGNA;;;
993;COLTIVAZIONI ARBOREE SPECIALIZZATE;000;;651;000;000;000;COLTIVAZIONI ARBOREE SPECIALIZZATE;;;
994;ARBORETO CONSOCIABILE (CON COLTIVAZIONI ERBACEE);000;;655;000;000;000;ARBORETO CONSOCIABILE (CON COLTIVAZIONI ERBACEE);;;
995;MANUFATTI;000;;660;000;000;000;MANUFATTI;;;
996;COLTIVAZIONI ARBOREE PROMISCUE (PIU' SPECIE ARBOREE);000;;685;000;000;000;COLTIVAZIONI ARBOREE PROMISCUE (PIU' SPECIE ARBOREE);;;
997;SERRE FISSE;000;;557;000;000;000;SERRE;;;
998;CAMELINA o DORELLA  COLTIVATA;000;;998;011;000;000;CAMELINA o DORELLA  COLTIVATA;FAVE, SEMI, GRANELLA;;
998;CAMELINA o DORELLA  COLTIVATA;500;;998;011;000;022;CAMELINA o DORELLA  COLTIVATA;FAVE, SEMI, GRANELLA;;ENERGETICO
999;CAMELINA o DORELLA  COLTIVATA DA SEME;000;;998;008;000;000;CAMELINA o DORELLA  COLTIVATA;DA SEME;;
A00;FIENO GRECO da seme;000;;862;008;000;000;FIENO GRECO;DA SEME;;
A01;LENTISCO o  LENTISCHIO;000;;A01;000;000;000;LENTISCO o  LENTISCHIO;;;
A01;LENTISCO o  LENTISCHIO;017;DA VIVAIO - PERMANENTE;A01;010;000;000;LENTISCO o  LENTISCHIO;DA VIVAIO;;
A02;ARANCIO AMARO o MELANGOLO;000;;A02;000;000;000;ARANCIO AMARO o MELANGOLO;;;
A02;ARANCIO AMARO o MELANGOLO;059;IN FASE DI PIANTUMAZIONE;A02;000;059;000;ARANCIO AMARO o MELANGOLO;;IN FASE DI PIANTUMAZIONE;
A03;GELSOMINO;000;;A03;000;000;000;GELSOMINO;;;
A03;GELSOMINO;017;DA VIVAIO - PERMANENTE;A03;010;000;000;GELSOMINO;DA VIVAIO;;
A04;YACON (patata yacon o carota dolce);000;;A04;000;000;000;YACON (patata yacon o carota dolce);;;
A05;AREA A SEMINATIVO DEDICATA ALL'ELICICOLTURA;000;;A05;000;000;000;AREA A SEMINATIVO DEDICATA ALL'ELICICOLTURA;;;
A06;MISCUGLI DI COLTURE;000;;A06;000;000;051;MISCUGLI DI COLTURE;;;SPECIE MELLIFERE E POLLINIFERE
A06;MISCUGLI DI COLTURE;196;SPECIE MELLIFERE E POLLINIFERE CON PREVALENZA DI LEGUMINOSE;A06;000;000;196;MISCUGLI DI COLTURE;;;SPECIE MELLIFERE E POLLINIFERE DI SOLEá LEGUMINOSE
A07;BIRICOCCOLO SUSINCOCCO   - DA CONSERVAZIONE;000;;305;000;000;004;BIRICOCCOLO SUSINCOCCO;;;DA CONSERVAZIONE
A08;OLIVE DA OLIO - DA CONSERVAZIONE;000;;420;006;000;004;OLIVO;DA OLIO;;DA CONSERVAZIONE
A09;VIVAI DI ALBERI E ARBUSTI PER GIARDINI,PARCHI, STRADE E SCARPATE (COME PIANTE PER SIEPI,ROSAI,ALTRI ARBUSTI ORNAMENTALI CONIFERE ORNAMENTALI)COMPRESI I RELATIVI PORTAINNESTI E PIANTICELLE;000;;A09;010;000;000;VIVAI DI ALBERI E ARBUSTI PER GIARDINI,PARCHI, STRADE E SCARPATE (COME PIANTE PER SIEPI,ROSAI,ALTRI ARBUSTI ORNAMENTALI CONIFERE ORNAMENTALI)COMPRESI I RELATIVI PORTAINNESTI E PIANTICELLE;DA VIVAIO;NON CATALOGABILE;NON QUALIFICATO
A09;VIVAI DI ALBERI E ARBUSTI PER GIARDINI,PARCHI, STRADE E SCARPATE (COME PIANTE PER SIEPI,ROSAI,ALTRI ARBUSTI ORNAMENTALI CONIFERE ORNAMENTALI)COMPRESI I RELATIVI PORTAINNESTI E PIANTICELLE;028;DA VIVAIO - COLTURA IN VASO - ALBERI ORNAMENTALI CADUCIFOGLIE;A09;010;028;079;VIVAI DI ALBERI E ARBUSTI PER GIARDINI,PARCHI, STRADE E SCARPATE (COME PIANTE PER SIEPI,ROSAI,ALTRI ARBUSTI ORNAMENTALI CONIFERE ORNAMENTALI)COMPRESI I RELATIVI PORTAINNESTI E PIANTICELLE;DA VIVAIO;COLTURA IN VASO;ALBERI ORNAMENTALI CADUCIFOGLIE
A09;VIVAI DI ALBERI E ARBUSTI PER GIARDINI,PARCHI, STRADE E SCARPATE (COME PIANTE PER SIEPI,ROSAI,ALTRI ARBUSTI ORNAMENTALI CONIFERE ORNAMENTALI)COMPRESI I RELATIVI PORTAINNESTI E PIANTICELLE;029;DA VIVAIO - COLTURA IN VASO - ALBERI ORNAMENTALI SEMPREVERDI;A09;010;028;068;VIVAI DI ALBERI E ARBUSTI PER GIARDINI,PARCHI, STRADE E SCARPATE (COME PIANTE PER SIEPI,ROSAI,ALTRI ARBUSTI ORNAMENTALI CONIFERE ORNAMENTALI)COMPRESI I RELATIVI PORTAINNESTI E PIANTICELLE;DA VIVAIO;COLTURA IN VASO;ALBERI ORNAMENTALI SEMPREVERDI
A09;VIVAI DI ALBERI E ARBUSTI PER GIARDINI,PARCHI, STRADE E SCARPATE (COME PIANTE PER SIEPI,ROSAI,ALTRI ARBUSTI ORNAMENTALI CONIFERE ORNAMENTALI)COMPRESI I RELATIVI PORTAINNESTI E PIANTICELLE;030;DA VIVAIO - COLTURA IN VASO - ALBERI ORNAMENTALI ROSAI;A09;010;028;069;VIVAI DI ALBERI E ARBUSTI PER GIARDINI,PARCHI, STRADE E SCARPATE (COME PIANTE PER SIEPI,ROSAI,ALTRI ARBUSTI ORNAMENTALI CONIFERE ORNAMENTALI)COMPRESI I RELATIVI PORTAINNESTI E PIANTICELLE;DA VIVAIO;COLTURA IN VASO;ALBERI ORNAMENTALI ROSAI
A09;VIVAI DI ALBERI E ARBUSTI PER GIARDINI,PARCHI, STRADE E SCARPATE (COME PIANTE PER SIEPI,ROSAI,ALTRI ARBUSTI ORNAMENTALI CONIFERE ORNAMENTALI)COMPRESI I RELATIVI PORTAINNESTI E PIANTICELLE;031;DA VIVAIO - COLTURA IN VASO - ARBUSTI;A09;010;028;070;VIVAI DI ALBERI E ARBUSTI PER GIARDINI,PARCHI, STRADE E SCARPATE (COME PIANTE PER SIEPI,ROSAI,ALTRI ARBUSTI ORNAMENTALI CONIFERE ORNAMENTALI)COMPRESI I RELATIVI PORTAINNESTI E PIANTICELLE;DA VIVAIO;COLTURA IN VASO;ARBUSTI
A09;VIVAI DI ALBERI E ARBUSTI PER GIARDINI,PARCHI, STRADE E SCARPATE (COME PIANTE PER SIEPI,ROSAI,ALTRI ARBUSTI ORNAMENTALI CONIFERE ORNAMENTALI)COMPRESI I RELATIVI PORTAINNESTI E PIANTICELLE;032;DA VIVAIO - COLTURA IN VASO - PALME;A09;010;028;071;VIVAI DI ALBERI E ARBUSTI PER GIARDINI,PARCHI, STRADE E SCARPATE (COME PIANTE PER SIEPI,ROSAI,ALTRI ARBUSTI ORNAMENTALI CONIFERE ORNAMENTALI)COMPRESI I RELATIVI PORTAINNESTI E PIANTICELLE;DA VIVAIO;COLTURA IN VASO;PALME
A09;VIVAI DI ALBERI E ARBUSTI PER GIARDINI,PARCHI, STRADE E SCARPATE (COME PIANTE PER SIEPI,ROSAI,ALTRI ARBUSTI ORNAMENTALI CONIFERE ORNAMENTALI)COMPRESI I RELATIVI PORTAINNESTI E PIANTICELLE;033;DA VIVAIO - COLTURA IN VASO - RAMPICANTI;A09;010;028;072;VIVAI DI ALBERI E ARBUSTI PER GIARDINI,PARCHI, STRADE E SCARPATE (COME PIANTE PER SIEPI,ROSAI,ALTRI ARBUSTI ORNAMENTALI CONIFERE ORNAMENTALI)COMPRESI I RELATIVI PORTAINNESTI E PIANTICELLE;DA VIVAIO;COLTURA IN VASO;RAMPICANTI
A09;VIVAI DI ALBERI E ARBUSTI PER GIARDINI,PARCHI, STRADE E SCARPATE (COME PIANTE PER SIEPI,ROSAI,ALTRI ARBUSTI ORNAMENTALI CONIFERE ORNAMENTALI)COMPRESI I RELATIVI PORTAINNESTI E PIANTICELLE;034;DA VIVAIO - COLTURA IN VASO - SIEPI;A09;010;028;073;VIVAI DI ALBERI E ARBUSTI PER GIARDINI,PARCHI, STRADE E SCARPATE (COME PIANTE PER SIEPI,ROSAI,ALTRI ARBUSTI ORNAMENTALI CONIFERE ORNAMENTALI)COMPRESI I RELATIVI PORTAINNESTI E PIANTICELLE;DA VIVAIO;COLTURA IN VASO;SIEPI
A09;VIVAI DI ALBERI E ARBUSTI PER GIARDINI,PARCHI, STRADE E SCARPATE (COME PIANTE PER SIEPI,ROSAI,ALTRI ARBUSTI ORNAMENTALI CONIFERE ORNAMENTALI)COMPRESI I RELATIVI PORTAINNESTI E PIANTICELLE;061;DA VIVAIO - PIENO CAMPO;A09;010;061;000;VIVAI DI ALBERI E ARBUSTI PER GIARDINI,PARCHI, STRADE E SCARPATE (COME PIANTE PER SIEPI,ROSAI,ALTRI ARBUSTI ORNAMENTALI CONIFERE ORNAMENTALI)COMPRESI I RELATIVI PORTAINNESTI E PIANTICELLE;DA VIVAIO;PIENO CAMPO;
A09;VIVAI DI ALBERI E ARBUSTI PER GIARDINI,PARCHI, STRADE E SCARPATE (COME PIANTE PER SIEPI,ROSAI,ALTRI ARBUSTI ORNAMENTALI CONIFERE ORNAMENTALI)COMPRESI I RELATIVI PORTAINNESTI E PIANTICELLE;062;DA VIVAIO - PIENO CAMPO - ALBERI ORNAMENTALI CADUCIFOGLIE;A09;010;061;079;VIVAI DI ALBERI E ARBUSTI PER GIARDINI,PARCHI, STRADE E SCARPATE (COME PIANTE PER SIEPI,ROSAI,ALTRI ARBUSTI ORNAMENTALI CONIFERE ORNAMENTALI)COMPRESI I RELATIVI PORTAINNESTI E PIANTICELLE;DA VIVAIO;PIENO CAMPO;ALBERI ORNAMENTALI CADUCIFOGLIE
A09;VIVAI DI ALBERI E ARBUSTI PER GIARDINI,PARCHI, STRADE E SCARPATE (COME PIANTE PER SIEPI,ROSAI,ALTRI ARBUSTI ORNAMENTALI CONIFERE ORNAMENTALI)COMPRESI I RELATIVI PORTAINNESTI E PIANTICELLE;063;DA VIVAIO - PIENO CAMPO - ALBERI ORNAMENTALI SEMPREVERDI;A09;010;061;068;VIVAI DI ALBERI E ARBUSTI PER GIARDINI,PARCHI, STRADE E SCARPATE (COME PIANTE PER SIEPI,ROSAI,ALTRI ARBUSTI ORNAMENTALI CONIFERE ORNAMENTALI)COMPRESI I RELATIVI PORTAINNESTI E PIANTICELLE;DA VIVAIO;PIENO CAMPO;ALBERI ORNAMENTALI SEMPREVERDI
A09;VIVAI DI ALBERI E ARBUSTI PER GIARDINI,PARCHI, STRADE E SCARPATE (COME PIANTE PER SIEPI,ROSAI,ALTRI ARBUSTI ORNAMENTALI CONIFERE ORNAMENTALI)COMPRESI I RELATIVI PORTAINNESTI E PIANTICELLE;064;DA VIVAIO - PIENO CAMPO - SIEPI;A09;010;061;073;VIVAI DI ALBERI E ARBUSTI PER GIARDINI,PARCHI, STRADE E SCARPATE (COME PIANTE PER SIEPI,ROSAI,ALTRI ARBUSTI ORNAMENTALI CONIFERE ORNAMENTALI)COMPRESI I RELATIVI PORTAINNESTI E PIANTICELLE;DA VIVAIO;PIENO CAMPO;SIEPI
A10;AGLIONE;000;DA ORTO;A10;007;000;000;AGLIONE;DA ORTO;;
A10;ERBAIO MISTO CON PREVALENZA DI LEGUMINOSE;050;ANNUALE - NON PERMANENTE;800;002;050;052;ERBAIO;DA FORAGGIO;ANNUALE - NON PERMANENTE;MISTO CON PREVALENZA DI LEGUMINOSE
A11;CAVOLO VERZA;000;DA ORTO;A11;007;000;000;CAVOLO VERZA;DA ORTO;;
A11;ERBAIO MISTO CON PREVALENZA DI LEGUMINOSE/USO ENERGETICO;050;ANNUALE - NON PERMANENTE;800;002;050;053;ERBAIO;DA FORAGGIO;ANNUALE - NON PERMANENTE;MISTO CON PREVALENZA DI LEGUMINOSE/USO ENERGETICO
A12;CAVOLO NERO;000;DA ORTO;A12;007;000;000;CAVOLO NERO;DA ORTO;;
A12;ERBAIO DI LEGUMINOSE/USO ENERGETICO;050;ANNUALE - NON PERMANENTE;800;002;050;054;ERBAIO;DA FORAGGIO;ANNUALE - NON PERMANENTE;DI LEGUMINOSE/USO ENERGETICO
A13;ANICE STELLATO;000;;A13;000;000;000;ANICE STELLATO;;;
A13;ERBAIO MISTO/USO ENERGETICO;050;ANNUALE - NON PERMANENTE;800;002;050;055;ERBAIO;DA FORAGGIO;ANNUALE - NON PERMANENTE;MISTO/USO ENERGETICO
A14;FRAGOLA DI BOSCO;000;;A14;000;000;000;FRAGOLA DI BOSCO;;;
A14;ERBAIO DI GRAMINACEE/USO ENERGETICO;050;ANNUALE - NON PERMANENTE;800;002;050;056;ERBAIO;DA FORAGGIO;ANNUALE - NON PERMANENTE;DI GRAMINACEE/USO ENERGETICO
A16;FAVA (FAVA GROSSA);000;DA ORTO;A16;007;000;000;FAVA (FAVA GROSSA);DA ORTO;;
A17;FAVA (FAVETTA);000;DA ORTO;A17;007;000;000;FAVA (FAVETTA);DA ORTO;;
A18;GUAIAVA o GUAVA o GUAYABA;000;;A18;000;000;000;GUAIAVA o GUAVA o GUAYABA;;;
A19;MANGO;000;;A19;000;000;000;MANGO;;;
A20;MANGOSTANO;000;;A20;000;000;000;MANGOSTANO;;;
A21;ACONITUM LYCOCTONUM;000;;A21;000;000;000;ACONITUM LYCOCTONUM;;;
A22;ACONITO NAPELLO;000;;A22;000;000;000;ACONITO NAPELLO;;;
A23;ACONITUM VULPARIA;000;;A23;000;000;000;ACONITUM VULPARIA;;;
A24;ADONIDE ESTIVA;000;;A24;000;000;000;ADONIDE ESTIVA;;;
A25;ADONIDE GIALLA o ADONIDE PRIMAVERILE;000;;A25;000;000;000;ADONIDE GIALLA o ADONIDE PRIMAVERILE;;;
A26;FIORE DEL VESCOVO o FALSA ERBA DEL VESCOVO;000;;A26;000;000;000;FIORE DEL VESCOVO o FALSA ERBA DEL VESCOVO;;;
A27;VISNAGA;000;;A27;000;000;000;VISNAGA;;;
A28;ATROPA;000;;A28;000;000;000;ATROPA;;;
A29;BELLADONNA;000;;A29;000;000;000;BELLADONNA;;;
A30;BRYONIA o VITE BIANCA o  RAPA  DEL DIAVOLO;000;;A30;000;000;000;BRYONIA o VITE BIANCA o  RAPA  DEL DIAVOLO;;;
A31;BRYONIA CRETICA SUBSPECIE DIOICA;000;;A31;000;000;000;BRYONIA CRETICA SUBSPECIE DIOICA;;;
A32;IPECACUANHA;000;;A32;000;000;000;IPECACUANHA;;;
A33;CICUTA VIROSA o CICUTA MINORE o CICUTA ACQUATICA;000;;A33;000;000;000;CICUTA VIROSA o CICUTA MINORE o CICUTA ACQUATICA;;;
A34;COLCHICO D'AUTUNNO o FALSO ZAFFERANO;000;;A34;000;000;000;COLCHICO D'AUTUNNO o FALSO ZAFFERANO;;;
A35;CICUTA MAGGIORE;000;;A35;000;000;000;CICUTA MAGGIORE;;;
A36;SPERONELLA CONSOLIDA o ERBA CORNETTA;000;;A36;000;000;000;SPERONELLA CONSOLIDA o ERBA CORNETTA;;;
A37;MUGHETTO;000;;A37;000;000;000;MUGHETTO;;;
A38;COLOMBINA CAVA;000;;A38;000;000;000;COLOMBINA CAVA;;;
A39;COLOMBINA SOLIDA;000;;A39;000;000;000;COLOMBINA SOLIDA;;;
A40;GINESTRA DEI CARBONAI;000;;A40;000;000;000;GINESTRA DEI CARBONAI;;;
A41;DAFNE ODOROSA o CNEORO;000;;A41;000;000;000;DAFNE ODOROSA o CNEORO;;;
A42;DAFNE GNIDIO o ERBA CORSA;000;;A42;000;000;000;DAFNE GNIDIO o ERBA CORSA;;;
A43;DAFNE LAURELLA o DAFNE LAUREOLA;000;;A43;000;000;000;DAFNE LAURELLA o DAFNE LAUREOLA;;;
A44;DAFNE MEZEREO o PEPE DI MONTE o FIOR DI STAMBECCO;000;;A44;000;000;000;DAFNE MEZEREO o PEPE DI MONTE o FIOR DI STAMBECCO;;;
A45;STRAMONIO METELLO;000;;A45;000;000;000;STRAMONIO METELLO;;;
A46;TROMBA DEL DIAVOLO o NOCE METELLA;000;;A46;000;000;000;TROMBA DEL DIAVOLO o NOCE METELLA;;;
A47;STRAMONIO CON FOGLIE DA QUERCIA o MELO SPINOSO;000;;A47;000;000;000;STRAMONIO CON FOGLIE DA QUERCIA o MELO SPINOSO;;;
A48;STRAMONIO COMUNE o NOCE SPINOSA;000;;A48;000;000;000;STRAMONIO COMUNE o NOCE SPINOSA;;;
A49;DELPHINIUM ALPINO o ALLODOLA CANDELA o SPERONELLA ELVETICA;000;;A49;000;000;000;DELPHINIUM ALPINO o ALLODOLA CANDELA o SPERONELLA ELVETICA;;;
A50;SPERONELLA STAFISAGRIA;000;;A50;000;000;000;SPERONELLA STAFISAGRIA;;;
A51;DIGITALE FERRUGINEA o DIGITALE BRUNA;000;;A51;000;000;000;DIGITALE FERRUGINEA o DIGITALE BRUNA;;;
A52;DIGITALE LANOSA;000;;A52;000;000;000;DIGITALE LANOSA;;;
A53;DIGITALE GIALLA MINORE o DIGITALE GIALLA PICCOLA;000;;A53;000;000;000;DIGITALE GIALLA MINORE o DIGITALE GIALLA PICCOLA;;;
A54;DIGITALE ROSSA;000;;A54;000;000;000;DIGITALE ROSSA;;;
A55;SCILLA MARINA o CIPOLLA  MARINA;000;;A55;000;000;000;SCILLA MARINA o CIPOLLA  MARINA;;;
A56;COCOMERO ASININO;000;;A56;000;000;000;COCOMERO ASININO;;;
A57;BERRETTO DEL PRETE o FUSARIA COMUNE o FUSAGGINE COMUNE;000;;A57;000;000;000;BERRETTO DEL PRETE o FUSARIA COMUNE o FUSAGGINE COMUNE;;;
A58;FUSARIA VERRUCCOSA o FUSAGGINE VERRUCCOSA o EVONIMO VERRUCOSO;000;;A58;000;000;000;FUSARIA VERRUCCOSA o FUSAGGINE VERRUCCOSA o EVONIMO VERRUCOSO;;;
A59;HAGENIA ABYSSINICA;000;;A59;000;000;000;HAGENIA ABYSSINICA;;;
A60;ELLEBORO PUZZOLENTE o ELLEBORO FETIDO;000;;A60;000;000;000;ELLEBORO PUZZOLENTE o ELLEBORO FETIDO;;;
A61;ELLEBORO NERO o ROSA DI NATALE;000;;A61;000;000;000;ELLEBORO NERO o ROSA DI NATALE;;;
A62;ELLEBORO VERDE;000;;A62;000;000;000;ELLEBORO VERDE;;;
A63;IDRASTE;000;;A63;000;000;000;IDRASTE;;;
A64;GIUSQUIAMO BIANCO;000;;A64;000;000;000;GIUSQUIAMO BIANCO;;;
A65;GIUSQUIAMO GIALLO;000;;A65;000;000;000;GIUSQUIAMO GIALLO;;;
A66;GIUSQUIAMO NERO;000;;A66;000;000;000;GIUSQUIAMO NERO;;;
A68;GINEPRO SABINA o ERBA SABINA o CIPRESSO DEI MAGHI;000;;A68;000;000;000;GINEPRO SABINA o ERBA SABINA o CIPRESSO DEI MAGHI;;;
A69;OLEANDRO;000;;A69;000;000;000;OLEANDRO;;;
A70;FAVA o FAGIOLO DI CALABAR;000;;A70;000;000;000;FAVA o FAGIOLO DI CALABAR;;;
A71;MANDRAGORA AMERICANA o MANDRAGORA SELVATICA o MAYAPPLE;000;;A71;000;000;000;MANDRAGORA AMERICANA o MANDRAGORA SELVATICA o MAYAPPLE;;;
A72;RANUNCOLO TOSSICO o RANUNCOLO DI PALUDE o SARDONIA;000;;A72;000;000;000;RANUNCOLO TOSSICO o RANUNCOLO DI PALUDE o SARDONIA;;;
A73;GINESTRA ODOROSA;000;;A73;000;000;000;GINESTRA ODOROSA;;;
A74;STROFANTO;000;;A74;000;000;000;STROFANTO;;;
A75;STROFANTO ISPIDO;000;;A75;000;000;000;STROFANTO ISPIDO;;;
A76;STROFANTO VELENO DELLA FRECCIA DI KOMBE;000;;A76;000;000;000;STROFANTO VELENO DELLA FRECCIA DI KOMBE;;;
A77;IGNATIA AMARA;000;;A77;000;000;000;IGNATIA AMARA;;;
A78;NOCE VOMICA o ALBERO DELLA STRICNINA;000;;A78;000;000;000;NOCE VOMICA o ALBERO DELLA STRICNINA;;;
A79;VERATRO BIANCO;000;;A79;000;000;000;VERATRO BIANCO;;;
A80;GIGLIO DEL MAIS DELLA CALIFORNIA;000;;A80;000;000;000;GIGLIO DEL MAIS DELLA CALIFORNIA;;;
A81;FALSO ELLEBORO NERO;000;;A81;000;000;000;FALSO ELLEBORO NERO;;;
A82;FALSO ELLEBORO VERDE o FALSO ELLEBORO GIGANTE;000;;A82;000;000;000;FALSO ELLEBORO VERDE o FALSO ELLEBORO GIGANTE;;;
A83;PERVINCA GRANDE o PERVINCA MAGGIORE;000;;A83;000;000;000;PERVINCA GRANDE o PERVINCA MAGGIORE;;;
A84;PERVINCA MINORE;000;;A84;000;000;000;PERVINCA MINORE;;;
A85;EFEDRA DISTACHIA;000;;A85;000;000;000;EFEDRA DISTACHIA;;;
A86;EFEDRA EQUISETINA;000;;A86;000;000;000;EFEDRA EQUISETINA;;;
A87;EFEDRA FRAGILE;000;;A87;000;000;000;EFEDRA FRAGILE;;;
A88;EFEDRA INTERMEDIA;000;;A88;000;000;000;EFEDRA INTERMEDIA;;;
A89;EFEDRA NEBRODENSE;000;;A89;000;000;000;EFEDRA NEBRODENSE;;;
A90;EFEDRA SINICA;000;;A90;000;000;000;EFEDRA SINICA;;;
A91;AMANITA MUSCARIA;000;;A91;000;000;000;AMANITA MUSCARIA;;;
A92;ERGOT;000;;A92;000;000;000;ERGOT;;;
A93;CILIEGIO CANINO;000;;A93;000;000;000;CILIEGIO CANINO;;;
A93;CILIEGIO CANINO;059;IN FASE DI PIANTUMAZIONE;A93;000;059;000;CILIEGIO CANINO;;IN FASE DI PIANTUMAZIONE;
A94;TULIPANO;000;;A94;000;000;000;TULIPANO;;;
A94;TULIPANO;010;DA VIVAIO;A94;010;000;000;TULIPANO;DA VIVAIO;;
A94;TULIPANO;023;DA VIVAIO - FIORE RECISO;A94;010;023;000;TULIPANO;DA VIVAIO;FIORE RECISO;
A95;CEDRO;002;DA LEGNO;A95;004;000;000;CEDRO;DA LEGNO;;
A95;CEDRO;092;DA LEGNO-MICORRIZATO;A95;004;000;049;CEDRO;DA LEGNO;;MICORRIZATO
A96;AGAVE;000;;A96;000;000;000;AGAVE;;;
A96;AGAVE;010;DA VIVAIO;A96;010;030;000;AGAVE;DA VIVAIO;COLTURA IN VASO - PIANTE VERDI;
A96;AGAVE;011;DA VIVAIO;A96;010;000;000;AGAVE;DA VIVAIO;;
A97;CURCUMA O ZAFFERANO DEI POVERI O ZAFFERANO DELLE INDIE;000;;A97;000;000;000;CURCUMA o ZAFFERANO DEI POVERI o ZAFFERANO DELLE INDIE;;;
B15;SPINACIO- DA INDUSTRIA;000;;939;003;000;000;SPINACIO;DA INDUSTRIA;;
M01;FAGIOLO;077;FAVE, SEMI, GRANELLA - VARIETA' NANE;122;011;000;077;FAGIOLO;FAVE, SEMI, GRANELLA;;VARIETA' NANE
M01;FAGIOLO;078;FAVE, SEMI, GRANELLA - VARIETA' RAMPICANTI;122;011;000;078;FAGIOLO;FAVE, SEMI, GRANELLA;;VARIETA' RAMPICANTI
N01;USO NON AGRICOLO - FABBRICATI;000;IMPIANTO FOTOVOLTAICO SU FABBRICATO;157;118;000;000;USO NON AGRICOLO - FABBRICATI;IMPIANTO FOTOVOLTAICO SU FABBRICATO;;
N02;FACELIA;000;DA SEME;332;008;000;000;FACELIA;DA SEME;;
N03;PASSIFLORA (MARACUJA o FRUTTO DELLA PASSIONE);000;DA  VIVAIO;394;010;000;000;PASSIFLORA (MARACUJA o FRUTTO DELLA PASSIONE);DA  VIVAIO;;
N04;BAMBU;000;DA GERMOGLI;422;116;000;000;BAMBU;DA GERMOGLI;;
N05;BAMBU GIGANTE;000;DA GERMOGLI;424;116;000;000;BAMBU GIGANTE;DA GERMOGLI;;
N06;CILIEGIO ACIDO (MARASCA,VISCIOLA,AMARENA);000;DA INDUSTRIA;468;003;000;000;CILIEGIO ACIDO (MARASCA,VISCIOLA,AMARENA);DA INDUSTRIA;;
N07;ALBICOCCO;000;DA INDUSTRIA;671;003;000;000;ALBICOCCO;DA INDUSTRIA;;
N08;CILIEGIO;000;DA INDUSTRIA;672;003;000;000;CILIEGIO;DA INDUSTRIA;;
N09;SUSINO;000;DA INDUSTRIA;673;003;000;000;SUSINO;DA INDUSTRIA;;
N10;USO NON AGRICOLO - TARE;000;IMPIANTO FOTOVOLTAICO A TERRA;780;117;000;000;USO NON AGRICOLO - TARE;IMPIANTO FOTOVOLTAICO A TERRA;;
N11;PESCO NETTARINA;000;DA INDUSTRIA;804;003;000;000;PESCO NETTARINA;DA INDUSTRIA;;
N12;CARCIOFO;000;DA INDUSTRIA;909;003;000;000;CARCIOFO;DA INDUSTRIA;;
N13;CARCIOFO;000;DA ORTO;909;007;000;000;CARCIOFO;DA ORTO;;
N14;MELISSA;000;FAVE, SEMI, GRANELLA;961;011;000;000;MELISSA;FAVE, SEMI, GRANELLA;;
N15;CILIEGIO CANINO;000;DA INDUSTRIA;A93;003;000;000;CILIEGIO CANINO;DA INDUSTRIA;;
W15;FAVINO;000;FAVE, SEMI, GRANELLA;A15;011;000;000;FAVINO;FAVE, SEMI, GRANELLA;;
W16;FAVA (FAVA GROSSA);000;FAVE, SEMI, GRANELLA;A16;011;000;000;FAVA (FAVA GROSSA);FAVE, SEMI, GRANELLA;;
W17;FAVA (FAVETTA);000;FAVE, SEMI, GRANELLA;A17;011;000;000;FAVA (FAVETTA);FAVE, SEMI, GRANELLA;;
X10;AGLIONE;000;DA SEME;A10;008;000;000;AGLIONE;DA SEME;;
X13;ANICE STELLATO;000;DA SEME;A13;008;000;000;ANICE STELLATO;DA SEME;;
X15;FAVINO;000;DA SEME;A15;008;000;000;FAVINO;DA SEME;;
X16;FAVA (FAVA GROSSA);000;DA SEME;A16;008;000;000;FAVA (FAVA GROSSA);DA SEME;;
X17;FAVA (FAVETTA);000;DA SEME;A17;008;000;000;FAVA (FAVETTA);DA SEME;;
Y15;FAVINO;053;DA FORAGGIO - ERBAIO IN PUREZZA, ANNUALE - NON PERMANENTE - DI LEGUMINOSE;A15;002;053;043;FAVINO;DA FORAGGIO;ERBAIO IN PUREZZA, ANNUALE - NON PERMANENTE;DI LEGUMINOSE
Y16;FAVA (FAVA GROSSA);053;DA FORAGGIO - ERBAIO IN PUREZZA, ANNUALE - NON PERMANENTE - DI LEGUMINOSE;A16;002;053;043;FAVA (FAVA GROSSA);DA FORAGGIO;ERBAIO IN PUREZZA, ANNUALE - NON PERMANENTE;DI LEGUMINOSE
Y17;FAVA (FAVETTA);053;DA FORAGGIO - ERBAIO IN PUREZZA, ANNUALE - NON PERMANENTE - DI LEGUMINOSE;A17;002;053;043;FAVA (FAVETTA);DA FORAGGIO;ERBAIO IN PUREZZA, ANNUALE - NON PERMANENTE;DI LEGUMINOSE